4284,0,0.51058,633,1.38,1.34,2218,578.21,49,25.018,962,53,50,25.529,961,52,0.26829,0.80707,0.24408,0.10851,0.39806,959,46,192.24,98.154,0.17142,0.62885,-0.1241,0.097062,380.21,10.041,5.7706,13.285,0.64732,0.93159,0.86317,3.6373,0.85451,0.61953,-0.099315,0.64609,0.093858,2.6385,0.7151,0.16877,2.7128,9.9515,1568.5
4284,0,0.51058,633,1.38,1.34,4681,1220.3,77,39.314,830,64,108,55.142,840,73,0.70116,0.88882,0.57461,0.076979,0.22342,842,78,369.95,188.89,0.12161,0.35296,-0.058709,0.070268,569.25,5.6473,3.8644,7.3078,0.73896,0.76794,7.3286,6.6827,0.92207,0.7575,-0.14104,0.76416,0.070024,2.9438,0.68091,0.15539,1.9245,5.5856,2348.4
4284,0,0.51058,633,1.38,1.34,3308,862.36,55,28.082,679,95,83,42.378,681,94,0.74765,0.86945,0.3042,0.08962,0.28767,687,76,243.68,124.42,0.14158,0.45445,0.0077986,0.070509,468.35,4.9438,6.4462,6.6893,1.1044,0.8942,3.3068,5.6508,0.81601,0.74763,-0.21631,0.76372,0.080105,2.817,0.71922,0.16891,2.2405,7.1917,1932.1
4284,0,0.51058,633,1.38,1.34,3427,893.38,59,30.124,757,120,87,44.42,754,124,0.73415,0.90031,0.52515,0.081062,0.19803,752,132,299.28,152.81,0.12806,0.31284,-0.036674,0.0726,438.86,5.7423,3.3926,7.293,0.84091,0.82417,4.2861,9.9727,1.0423,0.81075,-0.15608,0.80919,0.052382,3.1761,0.65659,0.089627,2.0266,4.9507,1810.5
4284,0,0.51058,633,1.38,1.34,2249,586.29,46,23.487,642,128,79,40.336,644,126,0.80504,0.89411,0.52797,0.10136,0.25852,640,129,243.17,124.16,0.16013,0.4084,-0.015304,0.089045,360.13,5.4131,6.2192,7.5548,0.59767,0.77533,4.7893,10.203,0.96734,0.82681,-0.1987,0.83148,0.05928,3.1377,0.70443,0.1331,2.534,6.463,1485.7
4284,0,0.51058,633,1.38,1.34,4244,1106.4,54,27.571,631,156,121,61.78,629,154,0.89414,0.87829,0.51038,0.10959,0.27761,630,157,329.04,168,0.17312,0.43856,-0.00085596,0.096689,734.73,4.446,3.3036,5.6233,0.58201,0.79766,8.2144,11.663,0.58961,0.90376,-0.28792,0.8946,0.062454,2.9823,0.74383,0.12066,2.7397,6.9402,3031.1
4284,0,0.51058,633,1.38,1.34,3270,852.45,50,25.529,337,191,118,60.248,333,193,0.90248,0.9657,0.64605,0.16077,0.44851,335,188,340.08,173.64,0.25397,0.70854,0.0070189,0.21076,830.5,6.9722,5.8004,9.9394,1.5018,0.74096,36.427,22.108,0.84512,0.92636,-0.32436,0.90057,0.094988,2.9529,0.73715,0.25623,4.0192,11.213,3426.1
4284,0,0.51058,633,1.38,1.34,5801,1512.3,97,49.526,615,215,107,54.632,604,205,0.41598,0.90799,0.45311,0.091576,0.2471,610,201,363.69,185.69,0.14467,0.39036,-0.0069077,0.087098,839.23,4.3474,5.1073,5.8514,0.79071,0.84958,12.893,11.788,0.60396,0.90252,-0.29437,0.88926,0.071161,2.9578,0.75419,0.17596,2.2894,6.1775,3462.2
4284,0,0.51058,633,1.38,1.34,3724,970.81,78,39.825,707,224,83,42.378,696,224,0.34092,0.92912,0.4332,0.097826,0.25338,694,224,286.07,146.06,0.15454,0.40029,-0.012008,0.092981,575.52,4.688,3.7692,6.1208,0.94172,0.87274,13.694,11.782,0.9436,0.85171,-0.20631,0.83763,0.05244,3.1805,0.67935,0.11486,2.4457,6.3346,2374.3
4284,0,0.51058,633,1.38,1.34,3396,885.3,52,26.55,902,232,111,56.674,904,239,0.88319,0.9297,0.51796,0.086131,0.22903,898,244,296.16,151.21,0.13607,0.36181,-0.0062424,0.079362,462.09,5.3142,4.1054,6.9118,1.1795,0.85409,10.449,10.287,1.3483,0.76824,-0.15812,0.76604,0.045289,3.3146,0.61038,0.099935,2.1533,5.7257,1906.3
4284,0,0.51058,633,1.38,1.34,4788,1248.2,51,26.039,494,257,134,68.417,495,253,0.92348,0.95681,0.48995,0.11625,0.33609,499,257,342.72,174.98,0.18365,0.53095,0.00021378,0.13275,879.31,4.1009,3.9742,5.3958,1.1411,0.86918,39.94,16.089,0.40271,0.95116,-0.4283,0.93003,0.090593,2.7772,0.81147,0.21139,2.9062,8.4023,3627.5
4284,0,0.51058,633,1.38,1.34,3142,819.08,37,18.891,488,320,128,65.354,487,315,0.95595,0.95288,0.57255,0.080954,0.22257,493,318,300.89,153.63,0.12789,0.35161,0.0091586,0.071464,401.83,4.3539,5.0904,5.95,1.1358,0.84357,10.629,9.6342,1.2603,0.76864,-0.17793,0.76637,0.051354,3.2238,0.62763,0.11331,2.0238,5.5642,1657.7
4284,0,0.51058,633,1.38,1.34,5056,1318,66,33.698,672,425,143,73.013,671,432,0.8876,0.96459,0.52912,0.080161,0.24876,679,434,366.2,186.98,0.12664,0.39299,-0.00049844,0.073299,640.28,3.1214,4.6814,4.0679,1.3425,0.84188,11.797,8.6404,0.42092,0.90709,-0.37484,0.89692,0.095785,2.6538,0.8041,0.20962,2.004,6.219,2641.4
4284,0,0.51058,633,1.38,1.34,1669,435.09,39,19.913,959,595,61,31.145,951,594,0.77051,0.93548,0.3602,0.17478,0.49587,941,598,181.28,92.557,0.27612,0.78336,-0.048618,0.22412,460.84,11.987,3.6868,15.808,0.99658,0.87134,19.567,17.734,1.4323,0.85054,-0.21073,0.83228,0.044509,3.4142,0.6438,0.1117,4.3696,12.397,1901.2
4284,0,0.51058,633,1.38,1.34,16786,4375.9,135,68.928,905,716,189,96.499,903,723,0.697,0.9552,0.60335,0.08214,0.26915,908,709,728.1,371.75,0.12976,0.4252,0.0046015,0.09823,2178.2,2.6187,4.119,3.4206,1.0255,0.85653,47.462,14.269,0.38073,0.94802,-0.49071,0.9216,0.10307,2.6482,0.81745,0.20056,2.0535,6.7288,8986
4285,0,0.51058,633,1.38,1.34,3400,886.34,53,27.061,75,48,88,44.931,77,53,0.79307,0.95334,0.25689,0.087565,0.20357,78,53,239.13,122.1,0.13833,0.3216,0.0068756,0.072823,470.33,5.5918,5.7481,7.4288,1.2079,0.95471,5.1375,12.635,0.83738,0.87569,-0.23206,0.86617,0.054083,3.1616,0.70619,0.1162,2.1891,5.0893,1940.3
4285,0,0.51058,633,1.38,1.34,3611,941.35,55,28.082,647,172,101,51.568,643,170,0.83595,0.91884,0.51214,0.086283,0.23513,636,180,302.75,154.58,0.13631,0.37145,-0.012007,0.078602,492.21,7.4179,6.7204,10.593,1.4771,0.78349,6.7121,9.5666,1.1208,0.79025,-0.1969,0.81219,0.061698,3.1518,0.69309,0.1381,2.1571,5.8782,2030.6
4285,0,0.51058,633,1.38,1.34,2681,698.91,48,24.508,978,318,80,40.846,982,316,0.79892,0.90282,0.27491,0.12465,0.31842,982,319,215.73,110.15,0.19693,0.50303,-0.10966,0.12218,527.96,10.542,5.5505,14.459,1.2137,0.95999,1.4401,9.0694,0.95085,0.81021,-0.14722,0.81048,0.063819,3.0508,0.70422,0.14388,3.1164,7.9604,2178.1
4285,0,0.51058,633,1.38,1.34,4726,1232,65,33.188,134,846,86,43.91,134,847,0.65111,0.94964,0.18958,0.095537,0.24766,132,844,270.05,137.88,0.15093,0.39125,0.018641,0.076779,713.28,3.9319,4.0709,5.1451,1.1946,0.94596,10.83,10.174,0.56417,0.89492,-0.31858,0.89084,0.06626,2.9196,0.75163,0.12789,2.3884,6.1916,2942.6
4285,0,0.51058,633,1.38,1.34,8250,2150.7,86,43.91,266,854,137,69.949,259,854,0.77597,0.96027,0.40303,0.10413,0.32066,264,847,415.07,211.93,0.16451,0.50658,0.0047075,0.12717,1357.2,3.868,6.3059,5.2955,1.2384,0.8677,59.196,16.881,0.42082,0.95135,-0.45291,0.92427,0.095619,2.7593,0.80798,0.19055,2.6033,8.0166,5598.9
4285,0,0.51058,633,1.38,1.34,5389,1404.9,54,27.571,340,869,128,65.354,341,863,0.90623,0.95585,0.36575,0.093731,0.23235,340,854,325.34,166.11,0.14807,0.36706,0.013782,0.090316,797.97,4.1254,4.9247,5.6009,1.5333,0.91781,25.341,15.875,0.85971,0.89726,-0.27307,0.87816,0.051117,3.2069,0.69101,0.11311,2.3433,5.8087,3292
4285,0,0.51058,633,1.38,1.34,4230,1102.7,60,30.635,113,896,110,56.163,115,903,0.83637,0.9424,0.46497,0.074521,0.16339,114,894,313.24,159.93,0.11773,0.25812,0.018416,0.05817,497.98,3.6317,3.0262,4.5792,1.0891,0.86495,16.749,14.161,0.61918,0.91621,-0.29081,0.90614,0.054765,3.0913,0.73398,0.10341,1.863,4.0848,2054.4
4285,0,0.51058,633,1.38,1.34,2590,675.18,44,22.465,409,946,75,38.293,411,945,0.80358,0.97463,0.17286,0.10607,0.29718,422,946,197.55,100.86,0.16756,0.46947,0.0079474,0.094458,433.99,5.5568,7.6153,7.6143,1.8999,0.95168,8.5163,10.044,0.58192,0.89047,-0.32258,0.88837,0.0663,2.9013,0.75213,0.10689,2.6517,7.4294,1790.4
4285,0,0.51058,633,1.38,1.34,2785,726.02,70,35.74,721,967,75,38.293,709,965,0.35901,0.95009,0.45513,0.14876,0.30947,691,963,253.61,129.49,0.23501,0.48889,0.013659,0.12886,654.51,4.8338,3.5089,6.2286,1.0667,0.81425,5.2223,18.682,0.41131,0.95692,-0.34715,0.9479,0.060417,2.9788,0.80464,0.10643,3.7191,7.7367,2700.1
4285,0,0.51058,633,1.38,1.34,4573,1192.1,76,38.804,317,972,77,39.314,319,972,0.17297,0.96468,0.17683,0.096269,0.2702,318,967,263.5,134.54,0.15208,0.42686,0.0079033,0.09633,695.48,4.1432,4.662,5.5369,1.3751,0.96013,20.877,13.28,0.47802,0.93051,-0.38459,0.9145,0.07488,2.8497,0.77839,0.15351,2.4067,6.7551,2869.1
4286,0,0.51058,633,1.38,1.34,3240,844.63,44,22.465,611,76,143,73.013,610,79,0.95134,0.92689,0.6939,0.10694,0.39458,611,78,362.93,185.3,0.16893,0.62335,-0.096956,0.15218,547.35,8.6435,6.7602,12.265,1.0243,0.65218,33.98,11.289,1.2095,0.80646,-0.18186,0.78505,0.097589,2.9169,0.70332,0.24083,2.6734,9.8646,2258
4286,0,0.51058,633,1.38,1.34,1979,515.9,34,17.36,978,177,84,42.888,978,179,0.91464,0.91197,0.44093,0.095907,0.28095,972,179,208.93,106.67,0.15151,0.44384,-0.057539,0.10048,299.84,7.5867,3.8172,9.7727,0.83963,0.8761,9.2167,9.3981,0.86532,0.83138,-0.18428,0.81561,0.064381,3.0137,0.69689,0.1145,2.3977,7.0238,1237
4286,0,0.51058,633,1.38,1.34,3179,828.73,35,17.87,769,184,125,63.822,767,188,0.95949,0.91884,0.58703,0.12442,0.36562,783,185,309.92,158.24,0.19655,0.5776,-0.12135,0.1231,624.83,10.123,5.5462,13.915,0.90719,0.87335,-1.5802,7.275,0.58753,0.85055,-0.19898,0.85175,0.077867,2.7663,0.74905,0.12738,3.1104,9.1405,2577.7
4286,0,0.51058,633,1.38,1.34,5083,1325.1,81,41.357,882,169,125,63.822,888,179,0.76417,0.87383,0.64467,0.1022,0.34344,891,187,422.06,215.5,0.16145,0.54256,-0.047429,0.10385,820.66,8.2855,4.4073,10.757,0.96833,0.70297,10.885,7.4923,0.61845,0.8475,-0.25945,0.84619,0.087687,2.7919,0.75453,0.18305,2.555,8.586,3385.6
4286,0,0.51058,633,1.38,1.34,2143,558.66,38,19.402,946,259,98,50.037,953,270,0.91949,0.9343,0.55963,0.10998,0.26392,955,277,246.59,125.9,0.17374,0.41693,-0.033211,0.099436,372.33,7.3378,3.2455,9.2836,0.74996,0.78567,-1.1471,9.577,1.5682,0.71859,-0.13053,0.7723,0.045716,3.3065,0.57953,0.10239,2.7495,6.598,1536
4286,0,0.51058,633,1.38,1.34,1960,510.95,50,25.529,979,323,60,30.635,977,317,0.5705,0.92902,0.41779,0.083029,0.24269,965,307,204.78,104.56,0.13117,0.38339,-0.042605,0.087658,257.09,5.3362,6.9047,7.6548,0.64166,0.85375,18.641,10.109,1.0429,0.81297,-0.19999,0.82723,0.071864,3.0313,0.71199,0.16611,2.0757,6.0672,1060.6
4286,0,0.51058,633,1.38,1.34,3142,819.08,39,19.913,876,323,98,50.037,877,322,0.91402,0.90837,0.39828,0.088265,0.27491,874,320,255.24,130.32,0.13944,0.4343,-0.0314,0.077979,438.12,5.972,8.0414,8.4822,1.8516,0.88822,3.5029,6.3568,0.68894,0.80444,-0.21441,0.81542,0.087919,2.7489,0.74865,0.15706,2.2066,6.8728,1807.4
4286,0,0.51058,633,1.38,1.34,3572,931.18,37,18.891,713,370,132,67.396,709,371,0.95932,0.95651,0.63984,0.10692,0.30152,704,371,351.2,179.32,0.16891,0.47633,-0.070632,0.12347,603.36,6.9409,5.6133,9.5238,0.74013,0.73445,18.904,12.96,0.51734,0.92323,-0.26979,0.90245,0.081472,2.8358,0.78188,0.16447,2.6731,7.5379,2489.1
4286,0,0.51058,633,1.38,1.34,3872,1009.4,54,27.571,939,386,97,49.526,939,390,0.82932,0.94953,0.32568,0.14147,0.46208,943,384,266.97,136.31,0.22349,0.72999,-0.040902,0.17378,865.36,6.3407,8.0018,9.3782,0.84106,0.91783,38.447,12.651,0.6231,0.90612,-0.33486,0.892,0.086343,2.9048,0.76286,0.2225,3.5368,11.552,3570
4286,0,0.51058,633,1.38,1.34,1881,490.36,36,18.381,116,408,71,36.251,119,409,0.8626,0.95843,0.433,0.07212,0.23013,122,414,203.82,104.07,0.11393,0.36356,0.018092,0.078017,214.31,3.3913,8.4249,4.8808,2.0893,0.81153,45.271,12.849,0.61481,0.90867,-0.40501,0.87852,0.096697,2.8081,0.75735,0.20207,1.803,5.7533,884.11
4286,0,0.51058,633,1.38,1.34,2206,575.08,43,21.955,140,467,93,47.484,139,451,0.88774,0.9708,0.5596,0.086796,0.21334,137,440,248.98,127.12,0.13712,0.33702,0.013116,0.079918,302.48,3.6002,3.2745,4.5846,1.3687,0.79236,16.32,13.928,1.087,0.8552,-0.22852,0.85245,0.044756,3.2821,0.63692,0.071061,2.1699,5.3334,1247.9
4286,0,0.51058,633,1.38,1.34,4773,1244.3,84,42.888,535,510,97,49.526,528,523,0.50554,0.95567,0.57183,0.092604,0.25446,530,524,371.9,189.88,0.14629,0.40199,-0.0038701,0.096658,698.26,4.0034,5.0721,5.4589,1.4219,0.77732,25.345,13.999,0.54956,0.92445,-0.33769,0.91021,0.070213,2.9651,0.75813,0.17847,2.3151,6.3616,2880.6
4286,0,0.51058,633,1.38,1.34,5542,1444.7,57,29.103,248,620,158,80.671,246,623,0.93138,0.95633,0.5398,0.074528,0.22509,245,619,386.9,197.54,0.11774,0.3556,0.014239,0.073869,652.5,3.0267,6.0456,4.1478,1.0626,0.8544,26.75,11.798,0.62139,0.89993,-0.35843,0.87966,0.07129,2.9154,0.73743,0.14232,1.8632,5.6274,2691.8
4286,0,0.51058,633,1.38,1.34,4956,1292,70,35.74,790,709,87,44.42,794,708,0.58634,0.95378,0.26313,0.093435,0.24443,790,702,289.72,147.92,0.14761,0.38614,0.011755,0.096152,731.54,3.7916,6.6843,5.3522,1.6041,0.93043,33.069,16.509,0.67772,0.92114,-0.34468,0.90669,0.062953,3.0854,0.74682,0.15264,2.3359,6.1107,3017.9
4286,0,0.51058,633,1.38,1.34,4227,1101.9,68,34.719,333,801,78,39.825,335,802,0.47985,0.98125,0.1636,0.10802,0.24966,332,790,251.54,128.43,0.17064,0.3944,0.014754,0.099601,721.31,3.1055,3.8202,4.0035,1.3677,0.94457,14.797,16.501,0.61779,0.92782,-0.30618,0.91436,0.05196,3.1062,0.73132,0.10103,2.7004,6.2414,2975.7
4286,0,0.51058,633,1.38,1.34,4862,1267.5,60,30.635,728,851,110,56.163,733,850,0.834,0.96735,0.31196,0.10142,0.29069,739,859,296.54,151.41,0.16021,0.45923,0.0089098,0.1042,778.96,3.6401,4.5045,4.7992,1.4338,0.93547,21.755,13.437,0.52393,0.92494,-0.38211,0.90917,0.069578,2.9069,0.76336,0.14991,2.5354,7.2673,3213.5
4286,0,0.51058,633,1.38,1.34,4944,1288.8,78,39.825,502,882,93,47.484,498,891,0.55012,0.96408,0.389,0.09266,0.22826,494,890,317.82,162.27,0.14638,0.36059,0.012549,0.085491,723.71,3.4278,6.4209,4.6595,1.6476,0.85617,15.244,14.783,0.58593,0.92375,-0.33098,0.9122,0.060136,3.0348,0.7652,0.10175,2.3165,5.7064,2985.6
4286,0,0.51058,633,1.38,1.34,4409,1149.4,67,34.209,253,917,90,45.952,249,915,0.66915,0.95455,0.4207,0.090516,0.22799,248,911,307.87,157.19,0.143,0.36017,0.0068189,0.086605,630.47,3.888,5.3276,5.2797,1.2654,0.86045,10.553,14.599,0.75705,0.9014,-0.27842,0.88435,0.054982,3.1203,0.71244,0.1052,2.2629,5.6998,2600.9
4287,0,0.51058,633,1.38,1.34,2548,664.24,43,21.955,787,133,98,50.037,777,137,0.89767,0.9294,0.60588,0.086566,0.28828,769,140,283.1,144.54,0.13676,0.45541,-0.062657,0.10677,348.45,7.8866,5.7961,10.898,0.7655,0.7809,16.739,10.579,0.62152,0.88902,-0.25371,0.86329,0.10235,2.7585,0.75932,0.25443,2.1642,7.2069,1437.5
4287,0,0.51058,633,1.38,1.34,3444,897.81,67,34.209,887,169,84,42.888,887,173,0.60136,0.89578,0.51223,0.10086,0.28502,889,170,297.27,151.78,0.15934,0.45027,-0.079242,0.096359,548.77,9.3008,4.2271,12.209,0.9056,0.79857,4.3753,7.5944,0.82075,0.80494,-0.16158,0.80623,0.063503,2.9989,0.70545,0.11313,2.5216,7.1255,2263.9
4287,0,0.51058,633,1.38,1.34,3349,873.05,47,23.997,705,200,112,57.185,709,200,0.90606,0.93729,0.56518,0.06872,0.18746,715,200,309.51,158.03,0.10856,0.29614,-0.038851,0.062201,363.57,5.0758,4.6135,6.8094,1.331,0.82202,8.0984,7.752,1.0136,0.76873,-0.14327,0.77409,0.060538,3.0569,0.6748,0.11935,1.718,4.6865,1499.9
4287,0,0.51058,633,1.38,1.34,1448,377.48,30,15.317,640,247,68,34.719,634,246,0.8967,0.95145,0.41508,0.072423,0.18352,622,251,175.54,89.626,0.11441,0.28992,-0.004684,0.066182,165.67,5.5967,3.5477,7.2998,1.1863,0.8941,14.459,11.971,0.78975,0.87623,-0.25183,0.87151,0.059849,3.1147,0.71454,0.14469,1.8106,4.5879,683.45
4287,0,0.51058,633,1.38,1.34,1636,426.49,34,17.36,582,261,67,34.209,586,260,0.85533,0.95627,0.47163,0.070057,0.17035,592,259,195.86,100,0.11068,0.26912,-0.00047435,0.06733,181.06,4.6302,3.3649,5.945,1.3002,0.79569,26.311,15.442,0.67742,0.91595,-0.28378,0.8996,0.061713,3.0886,0.73952,0.14516,1.7514,4.2588,746.96
4287,0,0.51058,633,1.38,1.34,3601,938.74,67,34.209,945,273,75,38.293,942,270,0.44785,0.92911,0.43825,0.12068,0.34904,943,278,282.55,144.26,0.19065,0.5514,-0.06747,0.12817,686.51,7.2652,5.2226,9.8798,0.88081,0.84235,10.483,10.193,0.70328,0.87091,-0.22256,0.85698,0.072461,2.9109,0.73169,0.16299,3.017,8.7259,2832.1
4287,0,0.51058,633,1.38,1.34,4906,1278.9,48,24.508,61,310,159,81.182,60,296,0.95277,0.96557,0.57788,0.067619,0.19931,65,306,379.58,193.8,0.10682,0.31487,0.0059558,0.067939,524.07,3.903,3.4176,5.0582,1.1301,0.81956,24.496,11.654,1.0317,0.83735,-0.24365,0.81994,0.055023,3.1722,0.65216,0.13174,1.6905,4.9828,2162
4287,0,0.51058,633,1.38,1.34,1521,396.51,40,20.423,943,314,47,23.997,942,313,0.51788,0.89331,0.22407,0.16794,0.37626,935,312,156.6,79.958,0.2653,0.59441,-0.048659,0.16101,403.52,11.464,4.812,15.391,0.89363,0.91032,-9.3114,13.962,1.5971,0.7947,-0.13554,0.79143,0.052696,3.3652,0.64668,0.13069,4.1984,9.4065,1664.7
4287,0,0.51058,633,1.38,1.34,1164,303.44,32,16.338,933,354,46,23.487,935,351,0.71247,0.94346,0.23162,0.13854,0.31773,932,342,137.05,69.976,0.21887,0.50195,-0.031037,0.149,254.76,12.168,3.8318,16.076,0.78063,0.94919,-0.96656,16.484,2.7495,0.71409,-0.10691,0.73317,0.034172,3.6596,0.56159,0.079568,3.4636,7.9433,1051
4287,0,0.51058,633,1.38,1.34,3195,832.9,85,43.399,783,362,87,44.42,786,370,0.2201,0.96402,0.55939,0.093647,0.23274,783,373,300.04,153.19,0.14794,0.36768,-0.050603,0.087359,472.67,5.8078,3.5238,7.4261,1.0619,0.70095,9.838,10.037,0.71097,0.8677,-0.19789,0.86483,0.06008,3.0118,0.72063,0.11377,2.3412,5.8186,1950
4287,0,0.51058,633,1.38,1.34,2311,602.45,48,24.508,975,442,70,35.74,977,437,0.72993,0.94243,0.37376,0.075129,0.18731,973,431,215.16,109.86,0.11869,0.29591,-0.020925,0.06818,274.29,5.026,3.8474,6.5925,1.0207,0.90046,10.617,10.819,0.86408,0.85208,-0.19456,0.84022,0.05809,3.0999,0.69849,0.12424,1.8782,4.6827,1131.5
4287,0,0.51058,633,1.38,1.34,3577,932.48,62,31.656,639,459,90,45.952,643,460,0.72487,0.9713,0.40382,0.084088,0.22151,639,455,273.85,139.82,0.13284,0.34993,-0.0020806,0.08397,475.17,4.0428,4.2948,5.3488,1.3308,0.8259,20.741,13.82,0.75904,0.89587,-0.27162,0.88109,0.060306,3.1079,0.71601,0.14737,2.1022,5.5377,1960.3
4287,0,0.51058,633,1.38,1.34,3060,797.71,56,28.592,559,530,92,46.973,563,535,0.79255,0.96171,0.45432,0.072916,0.19606,559,528,263.24,134.41,0.11519,0.30974,-0.004901,0.06428,352.49,4.1101,4.4737,5.5069,1.5517,0.83861,4.4238,9.6029,0.83357,0.84026,-0.21796,0.83527,0.061213,3.0457,0.7023,0.12563,1.8229,4.9016,1454.2
4287,0,0.51058,633,1.38,1.34,4183,1090.5,64,32.677,72,766,86,43.91,77,767,0.66555,0.95892,0.25747,0.10501,0.25627,76,768,264.43,135.01,0.16589,0.40484,0.011536,0.10566,693.9,3.8279,3.1928,4.89,1.111,0.90405,25.505,17.513,0.68576,0.92464,-0.30856,0.90769,0.053282,3.126,0.7283,0.092559,2.6251,6.4067,2862.6
4287,0,0.51058,633,1.38,1.34,3771,983.06,63,32.166,143,781,73,37.272,144,781,0.49473,0.91129,0.18203,0.075466,0.16836,140,783,240.02,122.55,0.11922,0.26598,0.010636,0.066461,449.58,3.1201,3.725,4.0775,1.2381,0.93512,16.652,16.344,0.69449,0.91848,-0.27485,0.90162,0.054606,3.1395,0.72291,0.13041,1.8866,4.2091,1854.7
4287,0,0.51058,633,1.38,1.34,3300,860.27,53,27.061,203,827,90,45.952,205,830,0.8076,0.95188,0.34762,0.079036,0.19298,211,821,250.42,127.86,0.12486,0.30487,0.012131,0.076061,412.04,3.5336,5.9491,4.7794,1.655,0.89546,18.51,16.875,0.67292,0.9233,-0.31284,0.90474,0.057597,3.108,0.73691,0.121,1.9759,4.8246,1699.8
4287,0,0.51058,633,1.38,1.34,2386,622,39,19.913,67,837,92,46.973,77,838,0.90739,0.9512,0.46615,0.098815,0.21158,88,833,235.41,120.19,0.15611,0.33425,0.0055027,0.091905,372.47,5.7142,2.8769,7.0965,1.0257,0.88993,3.6901,19.073,0.66516,0.9326,-0.27265,0.91528,0.049514,3.1729,0.72769,0.08914,2.4704,5.2895,1536.6
4287,0,0.51058,633,1.38,1.34,3022,787.8,55,28.082,140,840,72,36.762,138,839,0.6358,0.91622,0.24144,0.091094,0.18941,134,837,223.04,113.88,0.14391,0.29923,0.0074456,0.081152,434.89,3.6238,3.3404,4.6411,1.1027,0.94036,2.5056,19.011,0.6274,0.9361,-0.27532,0.91971,0.05086,3.1494,0.73541,0.10747,2.2774,4.7353,1794.1
4287,0,0.51058,633,1.38,1.34,2780,724.71,31,15.828,198,967,117,59.737,196,967,0.96256,0.98347,0.52514,0.10938,0.29287,186,972,269.89,137.8,0.1728,0.46266,-0.0066127,0.12682,480.39,7.0978,3.6034,9.2808,0.96677,0.92864,30.493,17.946,1.1288,0.88165,-0.24008,0.85824,0.045892,3.3276,0.66284,0.093402,2.7346,7.3217,1981.8
4288,0,0.51058,633,1.38,1.34,4074,1062,64,32.677,305,122,79,40.336,305,120,0.58507,0.9752,0.2649,0.095259,0.25784,305,118,263.32,134.45,0.15049,0.40733,0.0022362,0.085109,613.09,2.3996,3.6645,3.1098,1.4204,0.89462,9.8985,10.547,0.61639,0.88957,-0.29821,0.88371,0.060916,2.9799,0.73314,0.10151,2.3815,6.4461,2529.2
4288,0,0.51058,633,1.38,1.34,3133,816.74,62,31.656,293,178,66,33.698,292,179,0.32587,0.96142,0.25867,0.13195,0.31161,303,179,229.24,117.04,0.20845,0.49227,0.0078246,0.11624,653.07,2.8165,4.2397,3.7401,1.4721,0.91906,8.019,13.828,0.57864,0.91967,-0.30027,0.91046,0.054131,3.0573,0.74485,0.086441,3.2987,7.7902,2694.2
4288,0,0.51058,633,1.38,1.34,2308,601.67,54,27.571,406,182,54,27.571,405,182,0,0.96277,0.19711,0.26374,0.57775,408,186,189.79,96.902,0.41665,0.91272,-0.36889,0.29051,961.62,10.168,9.819,16.24,-0.28891,0.93351,-9.3847,11.752,1.2197,0.81194,-0.14307,0.85454,0.11608,2.6882,0.77257,0.26838,6.5934,14.444,3967.1
4288,0,0.51058,633,1.38,1.34,3849,1003.4,61,31.145,454,206,92,46.973,450,207,0.74512,0.951,0.34107,0.11349,0.29435,449,206,269.4,137.55,0.17929,0.46501,-0.071976,0.10595,690.09,3.5466,5.6494,4.9103,0.79188,0.87334,0.85084,9.0341,0.66395,0.86308,-0.19907,0.86099,0.073821,2.8615,0.7558,0.14848,2.8373,7.3589,2846.9
4288,0,0.51058,633,1.38,1.34,3770,982.8,64,32.677,497,241,88,44.931,496,234,0.68821,0.96403,0.3965,0.078625,0.20478,498,223,279.33,142.62,0.12421,0.3235,0.0057937,0.078323,468.27,2.3907,3.5663,3.0653,1.3637,0.85027,21.158,15.021,0.74432,0.90558,-0.2977,0.88956,0.052303,3.146,0.7025,0.10909,1.9656,5.1194,1931.8
4288,0,0.51058,633,1.38,1.34,5508,1435.9,61,31.145,309,220,133,67.907,310,222,0.88892,0.93057,0.51843,0.10053,0.24604,302,225,377.42,192.7,0.15881,0.38869,0.0038559,0.082574,874.73,2.7164,3.4707,3.5171,0.91038,0.80297,7.0722,11.362,0.60489,0.89891,-0.28107,0.8918,0.061042,3.0181,0.74582,0.11952,2.5132,6.151,3608.6
4288,0,0.51058,633,1.38,1.34,5446,1419.7,74,37.783,777,226,105,53.611,772,232,0.71276,0.96746,0.38868,0.086849,0.23918,773,234,333.49,170.27,0.1372,0.37785,-0.025811,0.083642,747.2,2.8667,3.462,3.7201,1.1758,0.8766,20.2,10.316,0.65832,0.88003,-0.24918,0.8694,0.070955,2.9649,0.74068,0.14299,2.1712,5.9795,3082.5
4288,0,0.51058,633,1.38,1.34,1330,346.72,34,17.36,335,243,57,29.103,335,246,0.80716,0.90499,0.4726,0.097762,0.20376,334,245,177.6,90.679,0.15444,0.3219,0.0031159,0.070623,205.41,3.1278,6.518,4.3224,0.45495,0.80682,-7.5886,11.797,0.95415,0.85034,-0.18276,0.8456,0.047215,3.2377,0.67515,0.08045,2.444,5.094,847.39
4288,0,0.51058,633,1.38,1.34,3384,882.17,49,25.018,201,238,111,56.674,199,236,0.89632,0.97668,0.46686,0.068958,0.16457,193,244,280.87,143.41,0.10894,0.25998,0.0016894,0.055316,368.65,2.1705,3.077,2.773,1.272,0.84465,13.606,10.644,0.9875,0.8302,-0.18926,0.82573,0.048394,3.2184,0.65265,0.085827,1.724,4.1141,1520.8
4288,0,0.51058,633,1.38,1.34,2841,740.62,64,32.677,379,261,76,38.804,370,266,0.52986,0.95221,0.51786,0.086994,0.18361,360,258,270.72,138.22,0.13743,0.29006,0.0059028,0.069233,390.44,2.5026,3.1155,3.1926,1.0271,0.80872,-1.373,13.809,0.81611,0.8884,-0.21893,0.87848,0.048227,3.2196,0.69451,0.096787,2.1748,4.5902,1610.7
4288,0,0.51058,633,1.38,1.34,5220,1360.8,76,38.804,243,277,113,57.695,234,286,0.73945,0.95825,0.45323,0.083164,0.22024,238,286,346.26,176.79,0.13138,0.34793,-0.012795,0.074455,685.81,2.1245,4.8234,2.8188,1.4253,0.87198,17.585,10.382,0.57249,0.89548,-0.27025,0.88573,0.078205,2.8973,0.76669,0.16549,2.0791,5.506,2829.2
4288,0,0.51058,633,1.38,1.34,5204,1356.6,76,38.804,304,297,93,47.484,304,297,0.57858,0.93219,0.39826,0.08269,0.20647,291,286,328.03,167.48,0.13063,0.32617,-0.00071424,0.080422,679.81,2.0984,3.4433,2.7427,1.2403,0.88659,22.454,15.163,0.54273,0.93089,-0.3216,0.91595,0.063336,3.0107,0.76045,0.1497,2.0672,5.1616,2804.5
4288,0,0.51058,633,1.38,1.34,5073,1322.5,68,34.719,788,328,115,58.716,790,324,0.80407,0.96508,0.43094,0.093303,0.24787,793,324,333.23,170.14,0.1474,0.39158,-0.0050802,0.088171,747.75,2.9681,3.4879,3.819,1.1174,0.86492,7.3093,11.537,0.82787,0.8661,-0.24228,0.85684,0.055981,3.1072,0.69385,0.10785,2.3326,6.1967,3084.8
4288,0,0.51058,633,1.38,1.34,4988,1300.3,56,28.592,393,336,139,70.97,389,334,0.91458,0.96036,0.45928,0.098004,0.23031,387,329,338.69,172.93,0.15483,0.36384,0.0033053,0.086151,772.27,2.3789,3.404,3.0874,1.3042,0.89355,6.6173,13.365,0.75788,0.89268,-0.24676,0.88176,0.051527,3.1365,0.69046,0.098187,2.4501,5.7578,3185.9
4288,0,0.51058,633,1.38,1.34,5157,1344.4,81,41.357,459,334,89,45.441,462,340,0.41902,0.97212,0.46486,0.079799,0.19647,462,339,347.41,177.38,0.12606,0.31038,0.00017298,0.078039,650.12,1.962,2.9525,2.4831,1.3403,0.85362,23.025,15.451,0.58913,0.92654,-0.30518,0.91202,0.058969,3.0523,0.74192,0.13869,1.995,4.9117,2682
4288,0,0.51058,633,1.38,1.34,3895,1015.4,52,26.55,811,394,139,70.97,813,400,0.92714,0.96898,0.59741,0.081594,0.20913,806,402,346.91,177.12,0.1289,0.33038,-0.0029379,0.080414,502.07,3.0357,3.4633,3.8711,1.2754,0.78548,24.417,14.363,0.70193,0.90682,-0.28339,0.89103,0.061853,3.0972,0.73248,0.16029,2.0398,5.2282,2071.2
4288,0,0.51058,633,1.38,1.34,3829,998.18,55,28.082,976,397,97,49.526,975,404,0.82065,0.97297,0.40475,0.064368,0.21924,965,404,282.92,144.45,0.10169,0.34634,-0.0037546,0.061739,389.36,2.7464,8.1949,3.7048,1.5702,0.8816,10.115,7.3317,0.84906,0.79243,-0.24455,0.79273,0.078073,2.8688,0.70212,0.18023,1.6092,5.4809,1606.3
4288,0,0.51058,633,1.38,1.34,5735,1495.1,91,46.462,428,431,107,54.632,437,438,0.51659,0.97615,0.49932,0.083725,0.23572,426,429,378.09,193.04,0.13227,0.37239,-0.00176,0.080851,758.55,2.2305,3.8956,2.962,1.5071,0.77957,22.421,11.317,0.65193,0.89107,-0.29732,0.87906,0.077144,2.971,0.75865,0.19679,2.0931,5.893,3129.3
4288,0,0.51058,633,1.38,1.34,3088,805.01,53,27.061,820,529,85,43.399,820,534,0.78353,0.97819,0.43903,0.067866,0.1683,812,527,261.29,133.41,0.10721,0.26588,-0.00012164,0.058222,331.08,2.4333,3.6195,3.1591,1.3968,0.8144,13.428,11.07,0.96298,0.83995,-0.2075,0.83526,0.054836,3.1958,0.67737,0.13482,1.6967,4.2075,1365.8
4288,0,0.51058,633,1.38,1.34,5763,1502.3,67,34.209,284,544,144,73.523,280,546,0.88351,0.98413,0.50871,0.078981,0.1978,287,538,382.51,195.3,0.12477,0.31247,0.0068118,0.076847,719.06,2.0227,3.2923,2.5926,1.3776,0.85028,21.512,15.288,0.64765,0.91872,-0.29602,0.89749,0.06267,3.0434,0.73363,0.15953,1.9745,4.9449,2966.4
4288,0,0.51058,633,1.38,1.34,4785,1247.4,61,31.145,751,613,135,68.928,762,607,0.89091,0.97241,0.50527,0.093203,0.21356,772,591,347.34,177.34,0.14724,0.33738,-0.012367,0.087445,704.55,2.525,3.0363,3.2177,1.2944,0.851,6.7155,14.572,0.85798,0.88879,-0.21757,0.87641,0.047993,3.2218,0.67946,0.093318,2.3301,5.339,2906.5
4288,0,0.51058,633,1.38,1.34,4278,1115.2,62,31.656,687,637,94,47.994,690,633,0.74536,0.97196,0.32062,0.087714,0.18594,695,625,280.23,143.08,0.13857,0.29374,0.0080786,0.073832,592.8,2.3338,3.1273,2.9643,1.3654,0.89909,-2.3596,15.893,0.77094,0.90747,-0.24245,0.89406,0.046848,3.2257,0.70291,0.077833,2.1929,4.6485,2445.5
4288,0,0.51058,633,1.38,1.34,3377,880.35,52,26.55,63,686,98,50.037,56,682,0.84662,0.98393,0.3723,0.093987,0.23659,50,684,257.76,131.61,0.14848,0.37377,0.0041846,0.095822,501.41,2.2606,3.2515,2.946,1.4624,0.89692,33.317,16.847,0.53841,0.93806,-0.34771,0.9225,0.061078,3.0166,0.7559,0.13179,2.3497,5.9148,2068.5
4288,0,0.51058,633,1.38,1.34,4106,1070.4,65,33.188,144,728,86,43.91,151,724,0.65237,0.98794,0.23998,0.12445,0.26345,154,713,260.18,132.84,0.1966,0.41619,0.01117,0.11758,807.22,2.5955,3.5237,3.3777,1.4828,0.95875,-1.1948,20.278,0.69545,0.93368,-0.27798,0.91792,0.051619,3.1761,0.73585,0.101,3.1111,6.5863,3330.1
4288,0,0.51058,633,1.38,1.34,2857,744.79,48,24.508,536,803,86,43.91,533,801,0.82545,0.97105,0.38339,0.10524,0.25517,530,813,239.98,122.53,0.16626,0.40311,0.0020732,0.10875,475.01,3.0578,4.3093,4.0081,1.5228,0.86575,19.934,17.291,1.3129,0.85886,-0.20629,0.84335,0.037386,3.4509,0.61464,0.068673,2.6311,6.3792,1959.6
4288,0,0.51058,633,1.38,1.34,3156,822.73,51,26.039,562,851,89,45.441,564,855,0.81566,0.97364,0.29294,0.10676,0.26709,570,853,236.39,120.7,0.16866,0.42194,0.0092684,0.11172,532.28,2.5437,3.7757,3.3448,1.5052,0.92929,25.7,18.425,0.63734,0.93313,-0.33478,0.91674,0.058401,3.0844,0.7313,0.13398,2.669,6.6772,2195.9
4288,0,0.51058,633,1.38,1.34,6134,1599.1,71,36.251,386,902,133,67.907,375,905,0.84408,0.98851,0.42485,0.092744,0.23783,373,901,364.85,186.28,0.14652,0.37572,0.012015,0.093849,898.73,1.9496,3.5587,2.5355,1.4937,0.88927,27.606,16.512,0.55928,0.93448,-0.35759,0.91916,0.06006,3.0283,0.75123,0.12674,2.3186,5.9457,3707.6
4288,0,0.51058,633,1.38,1.34,3772,983.32,50,25.529,253,917,93,47.484,253,916,0.8428,0.98719,0.218,0.09243,0.23337,245,902,245.31,125.25,0.14602,0.36868,0.003659,0.095873,550.78,2.2847,3.4644,2.9871,1.5233,0.95827,30.565,16.913,0.71158,0.91925,-0.29963,0.89968,0.055516,3.1253,0.71065,0.13531,2.3107,5.8343,2272.2
4289,0,0.51058,633,1.38,1.34,4441,1157.7,61,31.145,724,102,91,46.462,723,105,0.74331,0.92399,0.38406,0.10521,0.2834,721,100,299.9,153.12,0.16621,0.44771,-0.023574,0.10886,738.15,7.8482,4.3033,10.258,0.99017,0.91408,19.814,12.993,0.71587,0.89556,-0.25768,0.87871,0.062333,3.0793,0.71831,0.15873,2.6303,7.085,3045.2
4289,0,0.51058,633,1.38,1.34,6053,1577.9,85,43.399,432,217,141,71.991,429,224,0.79383,0.94262,0.73201,0.075343,0.31886,420,233,530.21,270.71,0.11903,0.50372,0.003586,0.090887,720.46,5.2057,10.493,7.1311,1.7968,0.69293,21.809,8.8159,0.34295,0.92511,-0.57255,0.89478,0.159,2.3533,0.84551,0.34189,1.8836,7.9714,2972.2
4289,0,0.51058,633,1.38,1.34,3104,809.18,57,29.103,738,262,78,39.825,736,262,0.67399,0.93016,0.40966,0.075053,0.19574,737,270,255.27,130.33,0.11857,0.30923,-0.0010154,0.072405,368.03,6.136,5.2927,8.173,1.0838,0.85472,11.718,12.701,1.1312,0.83645,-0.20295,0.82117,0.051882,3.2499,0.64699,0.13781,1.8763,4.8936,1518.3
4289,0,0.51058,633,1.38,1.34,3629,946.04,65,33.188,878,329,101,51.568,869,320,0.76435,0.93866,0.61924,0.075339,0.18312,861,311,344.02,175.65,0.11902,0.28929,-0.0055062,0.070939,431.92,5.5346,3.1062,7.0032,1.0235,0.72707,15.766,13.616,1.0561,0.85604,-0.20187,0.84493,0.046426,3.2951,0.65698,0.10725,1.8835,4.5781,1781.9
4289,0,0.51058,633,1.38,1.34,4133,1077.4,47,23.997,116,448,127,64.843,123,444,0.92865,0.98265,0.43429,0.10865,0.26434,130,444,301.58,153.98,0.17165,0.41759,0.010366,0.11612,709.43,5.1824,4.0328,6.7792,1.37,0.91589,33.388,19.996,0.7465,0.92802,-0.30965,0.90936,0.054919,3.1631,0.73239,0.1217,2.7164,6.6084,2926.7
4289,0,0.51058,633,1.38,1.34,5310,1384.3,62,31.656,796,514,129,65.864,803,515,0.87517,0.93717,0.60975,0.091661,0.29444,812,517,412.05,210.38,0.1448,0.46516,0.0016634,0.11096,768.91,5.42,5.1949,7.3388,0.90944,0.75826,39.625,14.858,0.45644,0.94039,-0.44082,0.91659,0.089191,2.7872,0.79531,0.20861,2.2915,7.3611,3172.1
4289,0,0.51058,633,1.38,1.34,5781,1507,97,49.526,851,575,110,56.163,849,577,0.46581,0.89841,0.58998,0.090896,0.24887,857,586,419.38,214.13,0.1436,0.39317,-0.020347,0.096079,830.13,4.9346,4.64,6.5964,1.0302,0.68441,19.904,13.188,0.50454,0.92631,-0.29531,0.90093,0.097099,2.7784,0.77954,0.24949,2.2724,6.2219,3424.6
4289,0,0.51058,633,1.38,1.34,2468,643.38,40,20.423,944,576,72,36.762,941,578,0.83259,0.94757,0.2744,0.078438,0.1934,932,584,205.62,104.99,0.12391,0.30552,0.0033912,0.071634,305.82,4.8651,3.2788,6.1729,1.2786,0.92327,16.261,13.42,0.74293,0.89509,-0.26093,0.88056,0.055851,3.1124,0.70109,0.13658,1.9609,4.8349,1261.6
4289,0,0.51058,633,1.38,1.34,4204,1095.9,72,36.762,805,632,87,44.42,806,641,0.56134,0.93402,0.38399,0.08879,0.23239,793,637,291.94,149.06,0.14027,0.36712,0.0073212,0.088589,589.69,4.8934,4.8144,6.4871,1.2663,0.87703,25.799,14.83,0.64562,0.91656,-0.32008,0.89956,0.058115,3.0673,0.73296,0.12579,2.2198,5.8097,2432.7
4289,0,0.51058,633,1.38,1.34,4034,1051.6,44,22.465,900,652,118,60.248,901,651,0.92773,0.92776,0.3764,0.085193,0.21836,901,646,284.61,145.32,0.13459,0.34496,0.0055965,0.074299,542.92,4.9343,3.5059,6.3274,1.1027,0.94307,4.8744,10.812,1.0071,0.82959,-0.21004,0.82752,0.050678,3.1688,0.64834,0.092613,2.1298,5.459,2239.8
4289,0,0.51058,633,1.38,1.34,4466,1164.2,56,28.592,490,733,154,78.629,484,726,0.93169,0.93338,0.6104,0.095674,0.25482,485,731,378.42,193.21,0.15114,0.40255,0.0051978,0.09506,675.01,6.2183,5.1602,8.3855,0.95115,0.76874,23.125,14.285,0.56708,0.92364,-0.35474,0.91343,0.063889,3.0076,0.76889,0.12589,2.3918,6.3704,2784.7
4289,0,0.51058,633,1.38,1.34,1860,484.88,41,20.934,441,749,55,28.082,440,749,0.66899,0.93225,0.11444,0.12206,0.25071,439,747,161.73,82.578,0.19283,0.39606,0.013371,0.10333,358.66,6.8484,3.1254,8.7617,1.1133,0.96956,0.45594,16.212,1.4829,0.8324,-0.1664,0.82934,0.036514,3.4856,0.58056,0.097518,3.0515,6.2677,1479.6
4289,0,0.51058,633,1.38,1.34,2644,689.26,43,21.955,940,778,81,41.357,939,781,0.84622,0.96419,0.26466,0.13849,0.30105,939,784,211.75,108.12,0.21879,0.47559,0.014371,0.13331,578.48,6.0548,4.0994,8.0272,1.348,0.96194,-1.0682,19.834,0.78053,0.92427,-0.27174,0.90871,0.052381,3.1807,0.70311,0.11133,3.4623,7.5262,2386.5
4289,0,0.51058,633,1.38,1.34,2116,551.62,43,21.955,45,806,64,32.677,49,806,0.74489,0.9459,0.26784,0.10877,0.27141,55,804,190.93,97.485,0.17183,0.42877,0.0090356,0.10128,363.6,5.6219,4.517,7.5396,1.3828,0.92723,16.589,14.112,0.72736,0.90197,-0.2874,0.89117,0.055105,3.1161,0.71765,0.11077,2.7193,6.7853,1500
4289,0,0.51058,633,1.38,1.34,2287,596.2,39,19.913,950,819,72,36.762,951,817,0.83835,0.96332,0.24008,0.13616,0.32095,951,817,194.22,99.164,0.2151,0.50703,0.0091081,0.13326,491.93,6.6957,5.5428,9.438,1.524,0.96973,10.481,17.373,0.77906,0.91416,-0.2739,0.8958,0.053886,3.1752,0.71594,0.10792,3.4039,8.0237,2029.4
4289,0,0.51058,633,1.38,1.34,1684,439,32,16.338,40,879,71,36.251,40,880,0.88985,0.95195,0.30633,0.11343,0.25284,41,876,174.12,88.902,0.17919,0.39944,0.014962,0.097909,301.76,5.9626,5.2009,8.135,1.5491,0.94876,3.0278,15.181,1.0587,0.86961,-0.21672,0.86099,0.041273,3.3726,0.6691,0.075434,2.8357,6.3211,1244.9
4289,0,0.51058,633,1.38,1.34,4938,1287.3,60,30.635,714,930,126,64.333,710,929,0.88102,0.95432,0.53952,0.062147,0.16232,704,911,364.99,186.35,0.098179,0.25642,0.0021876,0.0587,484.81,4.0188,3.4808,5.192,1.1339,0.79328,28.217,12.884,0.8417,0.87735,-0.24743,0.85673,0.065859,3.1135,0.69939,0.18351,1.5537,4.0579,2000
4289,0,0.51058,633,1.38,1.34,6340,1652.8,69,35.23,173,938,134,68.417,173,939,0.85423,0.95601,0.45141,0.086194,0.26659,179,933,379.24,193.63,0.13617,0.42115,0.0015386,0.095536,863.3,4.1186,4.6154,5.4202,1.1612,0.86926,34.437,13.416,0.39023,0.94347,-0.45853,0.92744,0.087807,2.7385,0.8138,0.17795,2.1548,6.6648,3561.5
4290,0,0.51058,633,1.38,1.34,4541,1183.8,78,39.825,117,49,90,45.952,114,55,0.49608,0.93482,0.39769,0.092373,0.244,109,57,306.9,156.7,0.14593,0.38547,-0.0012747,0.090552,662.66,2.8943,3.4935,3.6963,0.88424,0.83036,19.654,13.406,0.60987,0.91298,-0.31397,0.90263,0.057939,3.0303,0.7401,0.10196,2.3093,6.1001,2733.7
4290,0,0.51058,633,1.38,1.34,3537,922.06,60,30.635,90,104,76,38.804,87,105,0.60955,0.90178,0.20888,0.098796,0.22337,90,102,236.81,120.91,0.15608,0.35288,0.0051048,0.082347,552.04,2.7224,3.24,3.4844,0.62426,0.94816,9.3117,13.523,0.64665,0.90873,-0.26814,0.89962,0.052417,3.0967,0.71932,0.084528,2.4699,5.5843,2277.4
4290,0,0.51058,633,1.38,1.34,3545,924.14,39,19.913,88,151,112,57.185,91,151,0.93522,0.92485,0.38532,0.10822,0.28305,92,151,268.57,137.13,0.17096,0.44715,-0.00058202,0.11014,606.05,3.9475,3.7153,5.1479,0.99896,0.94498,21.147,15.057,0.53084,0.93189,-0.33987,0.91572,0.063263,2.9883,0.76518,0.1462,2.7054,7.0762,2500.2
4290,0,0.51058,633,1.38,1.34,3813,994.01,53,27.061,97,257,101,51.568,97,262,0.85125,0.90124,0.31707,0.096265,0.24684,92,257,264.4,135,0.15208,0.38995,0.0051624,0.096957,579.87,3.0724,3.892,4.0442,1.0721,0.93602,22.913,14.98,0.92818,0.88331,-0.25719,0.8693,0.04741,3.244,0.67741,0.092334,2.4066,6.1709,2392.2
4290,0,0.51058,633,1.38,1.34,4913,1280.8,65,33.188,144,315,102,52.079,142,317,0.77292,0.89442,0.27779,0.10803,0.26987,144,313,291.58,148.88,0.17066,0.42634,-2.6227e-005,0.11056,838.45,2.6599,4.6689,3.5738,1.247,0.93107,26.807,16.496,0.5864,0.93135,-0.32428,0.91797,0.056041,3.0737,0.74445,0.12138,2.7007,6.7468,3459
4290,0,0.51058,633,1.38,1.34,5476,1427.5,68,34.719,90,345,120,61.269,90,343,0.82432,0.87419,0.37257,0.10592,0.29407,89,337,330.01,168.49,0.16733,0.46456,-0.010474,0.10701,916.31,3.2175,3.4886,4.1284,0.73999,0.87306,22.715,12.724,0.53237,0.91968,-0.32542,0.90336,0.075166,2.9103,0.76318,0.18979,2.648,7.3517,3780.1
4290,0,0.51058,633,1.38,1.34,3635,947.6,47,23.997,858,345,119,60.759,867,348,0.91722,0.92334,0.59946,0.078279,0.21958,864,343,335.31,171.2,0.12366,0.34689,-0.016327,0.073648,449.52,3.964,3.9741,5.2358,1.2342,0.75759,16.519,9.6095,0.78612,0.84876,-0.22503,0.84105,0.06158,3.0584,0.69732,0.11658,1.957,5.4896,1854.4
4290,0,0.51058,633,1.38,1.34,3217,838.64,61,31.145,490,410,95,48.505,503,413,0.76678,0.9657,0.48841,0.10826,0.25698,512,418,279.63,142.77,0.17103,0.40597,-0.0030002,0.10521,550.19,4.1079,3.2291,5.2131,1.0246,0.81009,-1.4988,14.906,1.2702,0.84296,-0.19,0.83564,0.04237,3.3486,0.62757,0.088577,2.7065,6.4245,2269.7
4290,0,0.51058,633,1.38,1.34,5408,1409.8,84,42.888,117,424,137,69.949,100,415,0.78874,0.91915,0.61264,0.093811,0.19525,92,423,416.74,212.78,0.1482,0.30846,-0.0036643,0.074917,801.47,2.8206,3.6661,3.6859,1.0525,0.66748,-0.4217,13.727,0.53815,0.92455,-0.26446,0.91825,0.059329,3.0348,0.76441,0.1161,2.3453,4.8813,3306.4
4290,0,0.51058,633,1.38,1.34,2748,716.37,56,28.592,805,429,74,37.783,805,430,0.65094,0.94868,0.43719,0.11126,0.28701,800,424,246.4,125.81,0.17577,0.45342,-0.0097175,0.12848,483.01,4.9065,8.4192,7.0939,1.8187,0.82912,21.575,18.881,0.98654,0.90069,-0.25758,0.88062,0.046917,3.2905,0.67149,0.098575,2.7815,7.1753,1992.6
4290,0,0.51058,633,1.38,1.34,3003,782.85,53,27.061,136,451,77,39.314,135,444,0.71418,0.93983,0.30773,0.10207,0.20414,122,434,233.94,119.45,0.16124,0.32249,0.0054465,0.084834,484.22,2.4649,3.1813,3.1609,0.88383,0.9008,-19.153,17.328,0.68642,0.92379,-0.24103,0.90678,0.063606,3.086,0.74783,0.16402,2.5517,5.1035,1997.6
4290,0,0.51058,633,1.38,1.34,2748,716.37,51,26.039,692,450,68,34.719,694,450,0.66274,0.91541,0.21448,0.071348,0.1926,700,451,208.53,106.47,0.11271,0.30427,0.0066311,0.053464,309.74,2.7667,9.1734,4.0015,1.8508,0.92597,6.0736,7.6485,0.66085,0.84094,-0.26674,0.85474,0.078659,2.8606,0.74626,0.16279,1.7837,4.815,1277.8
4290,0,0.51058,633,1.38,1.34,3467,903.81,63,32.166,658,475,86,43.91,655,479,0.6774,0.8864,0.4692,0.072368,0.15908,651,481,285.41,145.72,0.11433,0.25131,0.0062771,0.05899,396.37,2.6144,3.5744,3.3713,0.9513,0.7986,7.9,13.67,0.72405,0.8994,-0.24654,0.89153,0.049148,3.1892,0.71442,0.088875,1.8092,3.977,1635.2
4290,0,0.51058,633,1.38,1.34,3154,822.21,42,21.444,747,507,99,50.547,746,508,0.9016,0.83698,0.44573,0.089497,0.26007,732,501,266.03,135.83,0.14139,0.41085,-0.0043441,0.067437,445.93,3.9629,9.8707,5.5439,1.9349,0.87488,-1.6543,5.7936,0.73338,0.77528,-0.20205,0.79108,0.085827,2.7762,0.73817,0.19264,2.2374,6.5018,1839.6
4290,0,0.51058,633,1.38,1.34,1624,423.36,34,17.36,597,505,56,28.592,594,504,0.79459,0.94566,0.23044,0.099633,0.23747,586,504,162.3,82.867,0.1574,0.37515,-0.00032231,0.10716,255.61,4.5062,2.9694,5.6576,1.1319,0.93373,27.578,19.443,0.90776,0.91079,-0.26865,0.89729,0.046702,3.274,0.70289,0.087591,2.4908,5.9368,1054.5
4290,0,0.51058,633,1.38,1.34,4408,1149.1,55,28.082,255,505,138,70.46,262,505,0.91545,0.92224,0.61956,0.14224,0.35702,258,515,378.9,193.46,0.2247,0.56401,-0.0019161,0.14908,990.5,4.6336,4.059,6.0924,0.85173,0.73395,10.689,16.668,0.62003,0.92827,-0.31189,0.91299,0.058238,3.0741,0.74566,0.10113,3.556,8.9255,4086.2
4290,0,0.51058,633,1.38,1.34,3167,825.6,54,27.571,245,554,85,43.399,244,552,0.77745,0.91691,0.28594,0.25572,0.54258,252,546,235.28,120.13,0.40398,0.85716,-0.001977,0.20113,1279.4,5.5058,3.295,7.0139,0.47079,0.92239,7.6831,13.328,0.41748,0.93925,-0.30496,0.93508,0.066726,2.918,0.80786,0.12892,6.393,13.565,5278.1
4290,0,0.51058,633,1.38,1.34,4722,1231,56,28.592,736,551,124,63.312,731,545,0.89243,0.87749,0.47267,0.12119,0.35676,726,549,334.19,170.63,0.19146,0.5636,-0.0039426,0.10678,904.08,4.3742,6.6527,5.9808,1.4402,0.82457,0.94987,8.5489,0.50921,0.88757,-0.31697,0.88116,0.083871,2.7432,0.78665,0.1409,3.0299,8.9189,3729.7
4290,0,0.51058,633,1.38,1.34,2348,612.1,58,29.613,677,572,61,31.145,683,570,0.27036,0.8602,0.4333,0.082312,0.17762,683,554,227.49,116.15,0.13003,0.2806,0.009813,0.065239,305.32,2.9365,4.4192,3.845,0.90598,0.86463,-9.5598,13.376,0.93617,0.86918,-0.20429,0.85731,0.051615,3.2208,0.68611,0.10922,2.0578,4.4404,1259.6
4290,0,0.51058,633,1.38,1.34,2666,695,38,19.402,919,566,105,53.611,919,562,0.93032,0.95209,0.50649,0.11279,0.25648,923,556,259.08,132.28,0.17819,0.40519,-0.010055,0.10381,475.06,4.8271,2.6245,5.9147,0.86017,0.89174,4.2303,13.929,1.3254,0.82623,-0.16872,0.82477,0.037224,3.432,0.61243,0.060132,2.8199,6.4121,1959.8
4290,0,0.51058,633,1.38,1.34,3909,1019,57,29.103,304,547,89,45.441,299,551,0.76559,0.94149,0.19858,0.23495,0.65282,291,560,246.73,125.97,0.37117,1.0313,-0.017137,0.2651,1450.9,5.8616,3.9237,7.7188,0.99418,0.94282,28.922,16.113,0.45318,0.94529,-0.39808,0.93439,0.070682,2.9342,0.80167,0.14102,5.8737,16.32,5985.5
4290,0,0.51058,633,1.38,1.34,3411,889.21,40,20.423,646,571,112,57.185,646,569,0.93264,0.88719,0.49844,0.07696,0.20056,645,570,291.38,148.77,0.12158,0.31684,-0.0049194,0.076422,414.71,3.2357,4.7019,4.3805,1.2905,0.83127,15.587,13.39,1.1329,0.84398,-0.20699,0.83239,0.049639,3.3062,0.65245,0.13912,1.924,5.014,1710.8
4290,0,0.51058,633,1.38,1.34,2746,715.85,53,27.061,200,590,82,41.867,203,592,0.76084,0.95134,0.42271,0.0935,0.19588,210,595,243.4,124.28,0.14771,0.30944,0.0035172,0.078043,405.61,2.7109,3.0471,3.449,1.0517,0.81594,-0.75804,15.169,0.93226,0.8842,-0.2126,0.87846,0.041053,3.324,0.6618,0.074148,2.3375,4.8969,1673.3
4290,0,0.51058,633,1.38,1.34,2690,701.25,51,26.039,731,650,96,49.015,726,644,0.84252,0.89244,0.49651,0.10863,0.31093,726,643,258.15,131.8,0.17161,0.49119,-0.0037483,0.12431,461.62,4.6796,4.9605,6.307,1.3934,0.79972,26.409,15.988,0.63669,0.9234,-0.36054,0.91093,0.069707,3.0256,0.76355,0.17102,2.7157,7.7731,1904.4
4290,0,0.51058,633,1.38,1.34,5001,1303.7,75,38.293,660,661,101,51.568,669,657,0.66108,0.89586,0.41346,0.10522,0.28784,672,651,326,166.45,0.16622,0.45473,0.0031283,0.098155,831.28,3.3425,6.4334,4.587,1.5744,0.86223,7.0735,11.329,0.59206,0.90067,-0.31792,0.89316,0.068124,2.9488,0.76706,0.12876,2.6305,7.1961,3429.4
4290,0,0.51058,633,1.38,1.34,4114,1072.5,75,38.293,856,678,89,45.441,854,670,0.53785,0.95637,0.47476,0.074646,0.21013,848,662,312.93,159.77,0.11792,0.33196,0.0028565,0.086385,485.14,2.5345,4.5481,3.4356,1.1301,0.82329,43.169,17.389,0.74487,0.91785,-0.31468,0.88587,0.073812,3.0353,0.73038,0.18937,1.8662,5.2532,2001.4
4290,0,0.51058,633,1.38,1.34,3367,877.74,53,27.061,355,685,110,56.163,353,688,0.87493,0.97163,0.49211,0.096003,0.23005,351,679,286.8,146.43,0.15166,0.36343,0.010724,0.10281,510.65,3.2132,3.6426,4.1773,1.2755,0.80481,25.268,20.836,0.75862,0.92974,-0.29581,0.90571,0.057806,3.1543,0.73013,0.14277,2.4001,5.7512,2106.6
4290,0,0.51058,633,1.38,1.34,3478,906.68,46,23.487,706,699,110,56.163,707,702,0.90767,0.87961,0.53701,0.071366,0.18618,709,701,305.76,156.11,0.11274,0.29412,-0.0025338,0.063545,392.12,2.8137,4.334,3.7194,1.1886,0.80286,10.566,10.659,0.75636,0.86748,-0.23983,0.85732,0.062978,3.0452,0.72606,0.12911,1.7841,4.6545,1617.6
4290,0,0.51058,633,1.38,1.34,4105,1070.1,59,30.124,786,797,140,71.481,787,803,0.90496,0.9271,0.61826,0.099829,0.24984,782,804,365.52,186.63,0.15771,0.39469,0.0096708,0.1048,647.39,3.0097,2.9004,3.7945,0.74328,0.70687,28.201,18.801,0.4971,0.94848,-0.37884,0.93354,0.068733,2.9775,0.78462,0.16324,2.4957,6.246,2670.8
4290,0,0.51058,633,1.38,1.34,2859,745.31,72,36.762,798,841,78,39.825,804,831,0.35774,0.94614,0.50157,0.13145,0.28222,805,816,267.12,136.38,0.20766,0.44585,0.0087379,0.11483,593.71,3.8534,2.9905,4.7052,0.99023,0.74217,-12.047,15.891,0.79283,0.90496,-0.24056,0.89482,0.050121,3.1905,0.71301,0.088897,3.2863,7.0555,2449.3
4290,0,0.51058,633,1.38,1.34,6920,1804,92,46.973,701,820,114,58.206,710,823,0.59653,0.9379,0.36865,0.078849,0.24598,701,819,370.72,189.28,0.12456,0.38859,0.010405,0.085822,861.98,2.253,5.8987,3.0702,1.2367,0.89032,33.399,13.436,0.40682,0.94122,-0.4734,0.91998,0.10191,2.6891,0.8177,0.21971,1.9712,6.1495,3556
4290,0,0.51058,633,1.38,1.34,4456,1161.6,65,33.188,225,938,129,65.864,227,929,0.86076,0.96552,0.52801,0.08191,0.20699,224,932,342.85,175.05,0.1294,0.32699,-0.0054607,0.073291,576.61,2.862,3.7463,3.7356,1.337,0.76906,8.9659,11.318,0.73621,0.87785,-0.24267,0.86889,0.058627,3.0915,0.72945,0.1199,2.0478,5.1747,2378.7
4291,0,0.51058,633,1.38,1.34,858,223.67,28,14.296,285,37,41,20.934,283,35,0.73757,0.90179,0.27557,0.095317,0.32816,284,32,119.58,61.053,0.15058,0.51842,-0.045601,0.10719,129.2,8.0886,7.5326,12.639,1.2249,0.93939,18.905,8.2728,1.6883,0.66102,-0.19104,0.77285,0.11205,2.8998,0.71348,0.27922,2.3829,8.204,532.99
4291,0,0.51058,633,1.38,1.34,3026,788.84,42,21.444,331,69,92,46.973,334,65,0.88533,0.95789,0.31598,0.093018,0.22605,338,69,234.92,119.94,0.14695,0.35711,0.0077522,0.079856,444.67,3.4861,3.9635,4.545,1.4266,0.92459,20.597,12.148,1.0306,0.84359,-0.21108,0.83914,0.052169,3.24,0.68027,0.11557,2.3255,5.6513,1834.4
4291,0,0.51058,633,1.38,1.34,5293,1379.8,66,33.698,75,111,110,56.163,73,103,0.79421,0.96761,0.43131,0.072044,0.19291,77,94,341.3,174.26,0.11381,0.30475,0.013197,0.063785,602.42,2.3709,3.4367,3.0434,1.0717,0.90061,22.976,11.895,0.59165,0.90523,-0.32324,0.88662,0.073968,2.9245,0.74676,0.18814,1.8011,4.8227,2485.2
4291,0,0.51058,633,1.38,1.34,4213,1098.3,58,29.613,403,134,104,53.1,399,128,0.82707,0.91204,0.42474,0.085625,0.2144,398,128,302.24,154.31,0.13527,0.3387,0.0095833,0.072867,569.88,3.2613,3.3791,4.1755,1.03,0.88615,15.432,11.735,0.80314,0.87189,-0.24609,0.85889,0.056586,3.1223,0.69959,0.13518,2.1406,5.3599,2351
4291,0,0.51058,633,1.38,1.34,741,193.17,27,13.786,488,165,33,16.849,487,166,0.59388,0.92989,0.12681,0.14478,0.56626,488,170,102.81,52.49,0.22871,0.89457,-0.070699,0.20422,169.48,14.819,5.2516,21.965,1.4871,0.95478,21.997,9.2999,1.9672,0.6508,-0.16205,0.71736,0.0802,3.1414,0.62573,0.23089,3.6194,14.157,699.16
4291,0,0.51058,633,1.38,1.34,3527,919.45,57,29.103,349,157,90,45.952,355,163,0.76785,0.94175,0.29192,0.099281,0.25482,361,177,249.4,127.34,0.15684,0.40256,0.011472,0.087394,553.18,3.1214,4.0517,4.0772,1.2393,0.92482,15.811,12.022,0.64121,0.89873,-0.29896,0.89005,0.058676,3.0428,0.73308,0.12142,2.482,6.3706,2282.1
4291,0,0.51058,633,1.38,1.34,2761,719.76,57,29.103,626,190,77,39.314,621,192,0.65883,0.94535,0.52102,0.078993,0.19753,627,198,267.44,136.55,0.12479,0.31205,-0.003341,0.068012,344.55,3.9587,4.05,5.158,1.1447,0.77771,12.48,10.944,1.0505,0.82485,-0.19177,0.82114,0.053525,3.2192,0.66626,0.12952,1.9748,4.9382,1421.4
4291,0,0.51058,633,1.38,1.34,6778,1766.9,83,42.378,437,200,123,62.801,443,204,0.73365,0.91231,0.47321,0.075575,0.2271,447,208,401.32,204.9,0.11939,0.35877,-0.0091307,0.061561,809.24,3.2799,4.193,4.252,0.9489,0.84459,17.117,6.6995,0.56555,0.84431,-0.24116,0.82735,0.097857,2.6697,0.75721,0.17605,1.8894,5.6775,3338.4
4291,0,0.51058,633,1.38,1.34,3263,850.63,56,28.592,257,220,79,40.336,254,224,0.70319,0.96604,0.44202,0.10197,0.2434,260,232,269.55,137.63,0.16109,0.38451,0.0060781,0.098707,525.63,3.7043,3.5659,4.8324,1.0026,0.83132,11.9,16.556,0.91176,0.89561,-0.25442,0.88349,0.044611,3.2724,0.67848,0.070521,2.5492,6.0849,2168.4
4291,0,0.51058,633,1.38,1.34,2704,704.9,51,26.039,772,265,89,45.441,768,261,0.8185,0.94588,0.47225,0.084314,0.2253,766,255,252.77,129.06,0.1332,0.35593,-0.037812,0.083983,360.16,4.3462,4.1674,5.6873,0.97164,0.82254,17.003,10.898,1.0185,0.82906,-0.17213,0.8132,0.058193,3.1129,0.68481,0.11449,2.1078,5.6326,1485.8
4291,0,0.51058,633,1.38,1.34,4163,1085.2,58,29.613,199,272,112,57.185,200,275,0.856,0.9654,0.40287,0.1044,0.3055,195,285,294.54,150.38,0.16493,0.48262,0.0045663,0.12759,686.62,3.7276,5.5154,5.2193,1.4445,0.86832,61.77,18.416,0.65448,0.93136,-0.35663,0.89706,0.076373,2.9703,0.74145,0.16688,2.6101,7.6375,2832.6
4291,0,0.51058,633,1.38,1.34,2748,716.37,54,27.571,481,279,71,36.251,482,283,0.64876,0.951,0.27032,0.10807,0.3033,474,283,216.64,110.61,0.17072,0.47914,0.0044703,0.094778,469.14,3.5881,9.3165,5.1623,2.1032,0.9308,7.1956,9.7833,0.53154,0.89694,-0.35159,0.90148,0.084192,2.7544,0.78843,0.14681,2.7017,7.5824,1935.4
4291,0,0.51058,633,1.38,1.34,1898,494.79,44,22.465,531,292,62,31.656,532,291,0.69819,0.95512,0.47718,0.092083,0.26361,522,285,213.11,108.81,0.14547,0.41645,-0.010314,0.092797,276.1,4.6233,8.0193,6.5165,1.8177,0.77175,20.546,11.554,0.55432,0.90844,-0.3131,0.89057,0.10301,2.7996,0.78522,0.25935,2.3021,6.5904,1139
4291,0,0.51058,633,1.38,1.34,1277,332.9,39,19.913,722,359,39,19.913,723,360,0,0.91461,0.050597,0.050752,0.10975,735,356,129.49,66.113,0.080176,0.17338,0.010107,0.026005,102.39,3.6038,4.186,4.8083,1.67,0.97622,5.6415,4.7524,1.8149,0.4473,-0.046442,0.49272,0.062794,3.1358,0.60169,0.13062,1.2688,2.7438,422.38
4291,0,0.51058,633,1.38,1.34,5842,1522.9,86,43.91,822,515,134,68.417,817,500,0.7659,0.95031,0.70191,0.080104,0.25804,817,501,494.49,252.47,0.12655,0.40765,0.0077716,0.081465,739.29,2.9901,4.1993,3.9348,1.277,0.68296,27.778,10.511,0.57364,0.8965,-0.35957,0.8745,0.083407,2.8248,0.75305,0.19843,2.0026,6.4511,3049.9
4291,0,0.51058,633,1.38,1.34,5499,1433.5,65,33.188,730,535,127,64.843,729,521,0.85876,0.95146,0.52649,0.086439,0.29303,736,508,380.95,194.51,0.13655,0.46292,0.011296,0.093578,750.91,3.1066,6.5089,4.2327,1.503,0.86156,33.188,11.044,0.54112,0.90658,-0.4052,0.87963,0.095157,2.7326,0.76538,0.20548,2.161,7.3258,3097.8
4291,0,0.51058,633,1.38,1.34,5496,1432.7,88,44.931,625,673,136,69.438,638,684,0.7607,0.95788,0.65992,0.092841,0.22574,643,680,447.09,228.27,0.14667,0.35662,-0.0061054,0.077916,806.09,3.5155,3.4582,4.5058,1.1176,0.65689,12.479,10.94,0.58395,0.89866,-0.26376,0.89198,0.069735,2.9525,0.76189,0.15177,2.321,5.6435,3325.4
4291,0,0.51058,633,1.38,1.34,2286,595.93,45,22.976,701,897,72,36.762,693,900,0.77816,0.97496,0.26654,0.16494,0.36674,692,911,197.13,100.65,0.26057,0.57937,-0.013361,0.1792,595.67,6.1912,3.4917,8.1184,1.0938,0.95144,8.5224,21.148,1.3034,0.88389,-0.19432,0.86068,0.041102,3.4188,0.63342,0.08125,4.1236,9.1686,2457.4
4291,0,0.51058,633,1.38,1.34,3775,984.1,47,23.997,845,925,124,63.312,835,926,0.92368,0.97797,0.48101,0.095296,0.23393,828,926,301.17,153.77,0.15055,0.36956,0.017056,0.088763,568.31,3.1367,3.0213,3.9663,1.2355,0.82119,32.477,15.675,0.52858,0.93476,-0.34713,0.91678,0.067415,2.9737,0.76649,0.16504,2.3824,5.8483,2344.5
4291,0,0.51058,633,1.38,1.34,4017,1047.2,57,29.103,928,962,113,57.695,933,962,0.86246,0.96975,0.49116,0.099846,0.26129,932,956,312.8,159.71,0.15773,0.41279,0.0025225,0.1019,633.62,3.358,3.3947,4.2629,0.95856,0.8227,31.131,14.979,0.91361,0.88503,-0.25177,0.86392,0.058744,3.1906,0.6809,0.16812,2.4961,6.5323,2613.9
4292,0,0.51058,633,1.38,1.34,1391,362.62,36,18.381,338,105,48,24.508,339,105,0.65452,0.96712,0.16317,0.25176,0.5316,338,102,144.97,74.017,0.39772,0.83981,-0.48869,0.25415,553.23,13.812,9.5582,21.057,1.602,0.92201,-6.7914,7.1911,1.1197,0.73053,-0.10703,0.81396,0.11673,2.6388,0.7644,0.27042,6.294,13.29,2282.3
4292,0,0.51058,633,1.38,1.34,4393,1145.2,58,29.613,456,122,106,54.121,456,117,0.83587,0.9582,0.40421,0.089882,0.22956,457,117,303.26,154.84,0.14199,0.36266,-0.02384,0.085442,623.78,3.2119,5.7022,4.414,1.2929,0.83514,17.779,11.53,0.8578,0.86151,-0.22546,0.86635,0.06685,3.0369,0.739,0.13366,2.247,5.739,2573.3
4292,0,0.51058,633,1.38,1.34,3111,811,56,28.592,394,148,79,40.336,398,143,0.70394,0.95167,0.2947,0.080009,0.2024,397,137,234.07,119.51,0.1264,0.31974,0.0065057,0.073628,393.22,2.8126,3.4401,3.6374,1.3102,0.94018,17.009,13.447,0.69803,0.9013,-0.28451,0.88541,0.061251,3.0669,0.72186,0.15455,2.0002,5.0599,1622.2
4292,0,0.51058,633,1.38,1.34,2884,751.83,50,25.529,445,210,92,46.973,447,208,0.83926,0.96786,0.5622,0.063766,0.15199,447,197,284.6,145.31,0.10074,0.24011,0.0018459,0.055557,290.52,2.7372,3.3332,3.5185,1.3452,0.75067,21.35,12.861,1.0992,0.84252,-0.19209,0.82854,0.049133,3.294,0.65653,0.12423,1.5941,3.7998,1198.5
4292,0,0.51058,633,1.38,1.34,2873,748.96,30,15.317,325,205,123,62.801,318,206,0.96915,0.97546,0.5314,0.090281,0.23957,309,207,276.24,141.04,0.14262,0.37848,0.0017381,0.083839,409.76,4.18,4.5752,5.5463,1.494,0.93406,10.001,11.99,0.69575,0.89031,-0.28305,0.87795,0.061933,3.028,0.72494,0.14479,2.257,5.9894,1690.4
4292,0,0.51058,633,1.38,1.34,2631,685.87,43,21.955,668,230,88,44.931,673,231,0.86798,0.96869,0.36919,0.10032,0.38356,660,239,227.28,116.05,0.15848,0.60594,-0.038522,0.090192,416.97,4.0806,20.864,6.1514,3.0384,0.89747,0.95657,4.437,0.5845,0.7672,-0.23146,0.78533,0.10799,2.5235,0.75889,0.2028,2.508,9.5891,1720.2
4292,0,0.51058,633,1.38,1.34,4579,1193.7,95,48.505,952,232,95,48.505,957,242,0.12003,0.94909,0.71991,0.069593,0.24227,960,246,451.43,230.49,0.10994,0.38274,-0.02103,0.063102,503.42,4.029,5.0562,5.2904,1.3008,0.72386,4.7515,5.3539,0.96894,0.69351,-0.15661,0.70738,0.078269,2.8632,0.69275,0.16392,1.7398,6.0568,2076.8
4292,0,0.51058,633,1.38,1.34,2181,568.56,47,23.997,505,314,60,30.635,507,315,0.6171,0.96057,0.29754,0.14593,0.30968,503,322,197.63,100.9,0.23053,0.48923,-0.026661,0.13491,502.79,4.8294,4.018,6.2668,1.2698,0.90656,-3.4162,14.671,1.436,0.8217,-0.15543,0.83059,0.038998,3.4486,0.62723,0.091734,3.6482,7.742,2074.2
4292,0,0.51058,633,1.38,1.34,1919,500.26,44,22.465,841,356,79,40.336,832,358,0.82624,0.97247,0.56967,0.083953,0.20772,822,365,234.25,119.6,0.13263,0.32815,-0.013793,0.067889,254.51,3.8416,3.7696,5.0228,1.3149,0.74091,1.3515,8.2535,1.1827,0.74933,-0.14196,0.76948,0.05682,3.1701,0.63209,0.14269,2.0988,5.193,1050
4292,0,0.51058,633,1.38,1.34,3256,848.8,54,27.571,500,378,86,43.91,500,378,0.77914,0.97595,0.43291,0.11718,0.34591,500,370,267.15,136.4,0.18512,0.54646,0.0013682,0.13123,602.73,3.2703,4.984,4.5249,1.5752,0.82342,23.961,14.273,0.77804,0.89661,-0.3167,0.88117,0.061156,3.0961,0.71825,0.15099,2.9294,8.6477,2486.5
4292,0,0.51058,633,1.38,1.34,1646,429.09,42,21.444,799,384,53,27.061,798,384,0.60745,0.97442,0.41029,0.06944,0.17996,802,382,186.56,95.253,0.1097,0.28429,0.0026105,0.062118,180.57,2.5553,3.6782,3.3159,1.2888,0.84269,10.749,11.697,0.76997,0.87648,-0.25955,0.86595,0.060305,3.055,0.69775,0.14266,1.736,4.499,744.91
4292,0,0.51058,633,1.38,1.34,3538,922.32,50,25.529,202,456,125,63.822,194,451,0.91748,0.98745,0.50831,0.082416,0.21538,203,445,298.83,152.57,0.1302,0.34025,-0.00427,0.081931,460.64,2.8912,4.2358,3.8677,1.4307,0.85359,28.674,13.758,0.53619,0.92498,-0.32007,0.91047,0.072742,2.9479,0.77316,0.174,2.0604,5.3845,1900.3
4292,0,0.51058,633,1.38,1.34,3428,893.64,53,27.061,590,458,118,60.248,592,472,0.89415,0.9759,0.63033,0.08473,0.21518,590,466,338.11,172.63,0.13385,0.33993,-4.7314e-005,0.081844,458.85,2.9411,3.3985,3.8047,1.2953,0.78726,15.872,13.193,1.2019,0.83302,-0.20099,0.83253,0.042015,3.3373,0.61729,0.083527,2.1183,5.3795,1893
4292,0,0.51058,633,1.38,1.34,5181,1350.6,68,34.719,526,488,147,75.055,523,495,0.88572,0.94177,0.57662,0.075147,0.18165,528,500,390.17,199.21,0.11872,0.28696,-0.0062445,0.06073,615.07,2.8265,5.8198,3.8104,1.7146,0.71695,6.8302,9.6179,1.019,0.8084,-0.1711,0.80892,0.056474,3.1605,0.68552,0.10378,1.8787,4.5412,2537.4
4292,0,0.51058,633,1.38,1.34,3849,1003.4,47,23.997,479,546,145,74.034,480,535,0.94438,0.95638,0.67395,0.089266,0.2358,486,541,383.28,195.7,0.14102,0.37251,-0.012326,0.085842,542.79,3.8059,4.7567,5.0572,1.4479,0.65024,8.6778,10.745,1.4527,0.7618,-0.16097,0.7818,0.05941,3.236,0.67621,0.15188,2.2316,5.8949,2239.2
4292,0,0.51058,633,1.38,1.34,3775,984.1,49,25.018,291,557,127,64.843,292,558,0.92136,0.97962,0.55208,0.081313,0.17734,291,545,323.61,165.23,0.12846,0.28016,0.012566,0.06342,484.93,2.7303,3.6112,3.5566,1.5888,0.77905,0.037862,11.989,1.3381,0.79918,-0.16394,0.80784,0.041395,3.3813,0.62037,0.0919,2.0328,4.4335,2000.5
4292,0,0.51058,633,1.38,1.34,3884,1012.5,59,30.124,752,569,96,49.015,755,562,0.78585,0.92147,0.42468,0.12519,0.26196,752,554,289.87,148,0.19777,0.41383,0.0037345,0.095684,768.14,3.5685,4.2668,4.7498,1.1076,0.89136,-8.4601,13.045,0.87448,0.87435,-0.20296,0.86718,0.047531,3.2388,0.69605,0.083957,3.1297,6.5489,3168.9
4292,0,0.51058,633,1.38,1.34,4129,1076.4,55,28.082,796,568,108,55.142,800,561,0.85913,0.95751,0.44527,0.13689,0.31823,804,559,305.68,156.07,0.21626,0.50273,0.0063254,0.12721,892.93,3.7968,5.7786,5.0428,1.3676,0.92619,8.657,15.378,0.93854,0.88496,-0.23472,0.87517,0.046637,3.2785,0.70324,0.085298,3.4223,7.9558,3683.7
4292,0,0.51058,633,1.38,1.34,6218,1621,72,36.762,754,619,122,62.29,761,625,0.80743,0.92669,0.41538,0.093139,0.23277,772,624,364.21,185.96,0.14714,0.36773,0.0071116,0.071549,914.91,2.6502,6.3154,3.6617,1.4682,0.85805,10.396,9.2665,0.6171,0.87513,-0.26293,0.87254,0.07368,2.9104,0.75447,0.15364,2.3285,5.8194,3774.4
4292,0,0.51058,633,1.38,1.34,5162,1345.7,65,33.188,721,672,134,68.417,726,665,0.87201,0.94334,0.52746,0.10277,0.25637,717,653,368.74,188.27,0.16236,0.405,0.0013658,0.095274,838.09,3.1705,5.1917,4.1675,1.5123,0.82156,17.653,13.006,0.82921,0.88013,-0.24671,0.87025,0.051202,3.1934,0.69847,0.10583,2.5693,6.4092,3457.5
4292,0,0.51058,633,1.38,1.34,5453,1421.5,85,43.399,718,749,91,46.462,714,745,0.36318,0.96478,0.42049,0.079154,0.20992,707,743,341.99,174.61,0.12505,0.33163,-0.0036109,0.071872,681.88,2.3074,4.466,3.0601,1.4969,0.82102,15.633,11.199,0.58256,0.9011,-0.28364,0.88446,0.077945,2.9053,0.7593,0.18998,1.9789,5.2481,2813
4292,0,0.51058,633,1.38,1.34,6530,1702.3,69,35.23,624,782,128,65.354,620,785,0.83972,0.97846,0.33951,0.092826,0.23471,624,792,351.65,179.54,0.14664,0.37079,0.010135,0.077161,957.59,2.2554,4.5461,2.9833,1.6562,0.91562,10.491,11.047,0.47589,0.9174,-0.33765,0.91208,0.069104,2.8755,0.78115,0.12022,2.3206,5.8677,3950.4
4292,0,0.51058,633,1.38,1.34,2938,765.9,40,20.423,954,796,89,45.441,955,796,0.89427,0.98168,0.37495,0.093787,0.21254,965,789,241.75,123.43,0.14816,0.33577,0.0076485,0.090746,435.3,2.8686,3.3005,3.6878,1.4261,0.87926,29.889,18.651,0.88367,0.90953,-0.25032,0.88928,0.048544,3.253,0.67486,0.12697,2.3447,5.3136,1795.8
4292,0,0.51058,633,1.38,1.34,5048,1316,80,40.846,901,842,125,63.822,891,840,0.76353,0.97462,0.55617,0.084961,0.23901,893,845,375.74,191.84,0.13422,0.37758,0.0065054,0.08257,677.54,2.8069,5.016,3.6911,1.5792,0.71666,21.91,12.035,0.6551,0.89675,-0.3116,0.881,0.06827,2.9873,0.74041,0.16351,2.124,5.9752,2795.1
4292,0,0.51058,633,1.38,1.34,4439,1157.2,53,27.061,721,936,107,54.632,721,933,0.86703,0.98412,0.35081,0.088499,0.38384,712,920,292.01,149.09,0.13981,0.60639,0.0067393,0.11621,620.61,2.6272,9.7265,3.7956,2.3104,0.90136,35.474,9.9953,0.43844,0.91596,-0.54877,0.8779,0.18069,2.3843,0.82282,0.38662,2.2125,9.5961,2560.3
4292,0,0.51058,633,1.38,1.34,3211,837.07,48,24.508,564,965,108,55.142,570,956,0.89614,0.9845,0.4629,0.11488,0.26645,574,952,272.48,139.12,0.18148,0.42092,0.010017,0.1106,582.73,3.8932,4.0429,5.0986,1.5287,0.83475,-0.10526,16.09,1.5954,0.81958,-0.16682,0.80586,0.04669,3.3946,0.61377,0.13185,2.8719,6.6611,2404
4293,0,0.51058,633,1.38,1.34,3590,935.87,62,31.656,55,41,76,38.804,52,38,0.58485,0.91855,0.24134,0.15763,0.3356,53,34,243.02,124.08,0.24902,0.53017,0.014548,0.15561,893.97,5.2872,4.2177,7.0533,0.69829,0.93048,1.6878,22.621,0.66321,0.94303,-0.29799,0.92619,0.061722,3.1049,0.75548,0.15713,3.9407,8.3899,3688
4293,0,0.51058,633,1.38,1.34,5551,1447.1,80,40.846,118,71,101,51.568,108,69,0.61938,0.91397,0.33952,0.14482,0.42346,94,81,323.45,165.15,0.22878,0.66898,-0.00071903,0.17477,1270,4.7395,5.5658,6.4553,1.4119,0.88767,48.911,18.063,0.36919,0.95994,-0.4761,0.94312,0.095375,2.7702,0.82584,0.22647,3.6204,10.587,5239.1
4293,0,0.51058,633,1.38,1.34,8411,2192.7,107,54.632,283,87,109,55.653,284,84,0.19068,0.93377,0.46617,0.073251,0.23652,278,86,444.66,227.03,0.11572,0.37364,0.0037968,0.076755,973.32,3.5983,3.8761,4.6472,0.83532,0.8786,26.506,11,0.45008,0.92139,-0.42802,0.90406,0.085696,2.7314,0.78591,0.17468,1.8313,5.9129,4015.4
4293,0,0.51058,633,1.38,1.34,3609,940.83,61,31.145,148,126,78,39.825,145,128,0.62386,0.90351,0.18033,0.11893,0.28303,145,122,235.28,120.13,0.18788,0.44712,0.0050374,0.11664,678.06,4.3286,3.2422,5.5045,0.94505,0.94072,19.8,17.055,0.69687,0.92149,-0.2907,0.90596,0.051364,3.1476,0.71744,0.098288,2.9732,7.0756,2797.3
4293,0,0.51058,633,1.38,1.34,4325,1127.5,39,19.913,201,156,144,73.523,193,160,0.96216,0.90527,0.54009,0.083618,0.22239,170,165,342.26,174.75,0.1321,0.35133,0.0094549,0.077647,571.32,4.5464,4.9402,6.0422,1.2868,0.88363,17.965,12.909,0.5339,0.92057,-0.35418,0.90855,0.067469,2.9433,0.77036,0.14321,2.0904,5.5598,2356.9
4293,0,0.51058,633,1.38,1.34,3512,915.54,66,33.698,104,189,73,37.272,107,190,0.4273,0.9486,0.20066,0.092821,0.19397,113,185,234,119.47,0.14664,0.30643,0.01679,0.076485,514.99,3.4456,3.4059,4.4195,1.0134,0.94564,1.6314,16.949,0.64487,0.92669,-0.2782,0.91251,0.05237,3.1338,0.73606,0.10324,2.3205,4.8493,2124.5
4293,0,0.51058,633,1.38,1.34,2789,727.06,46,23.487,174,773,84,42.888,172,775,0.83305,0.93718,0.28283,0.10709,0.22322,171,777,220.15,112.41,0.16918,0.35264,-9.9361e-005,0.085994,471.83,3.8057,3.5577,4.9552,1.0861,0.92101,-4.9185,14.207,0.68542,0.90795,-0.2316,0.8945,0.058701,3.102,0.72669,0.14185,2.6772,5.5806,1946.5
4293,0,0.51058,633,1.38,1.34,5222,1361.3,79,40.336,65,792,81,41.357,65,793,0.18432,0.92307,0.1132,0.12249,0.28326,82,793,271.71,138.73,0.19351,0.44748,0.012412,0.11639,1010.5,3.4665,3.732,4.4667,1.0671,0.96978,12.444,17.752,0.50795,0.94436,-0.34217,0.93157,0.059427,3.0216,0.77453,0.11758,3.0623,7.0814,4168.7
4293,0,0.51058,633,1.38,1.34,2901,756.26,39,19.913,149,801,111,56.674,152,803,0.93393,0.88656,0.55513,0.10992,0.21901,157,824,284.21,145.11,0.17364,0.34599,0.011239,0.081522,503.74,4.0893,4.183,5.5086,1.041,0.78989,-10.014,14.017,0.86789,0.88339,-0.20946,0.88087,0.044906,3.2485,0.66193,0.08145,2.7479,5.4753,2078.1
4293,0,0.51058,633,1.38,1.34,3030,789.89,65,33.188,113,828,71,36.251,115,826,0.37373,0.84325,0.42586,0.16465,0.27687,102,838,256.77,131.1,0.26012,0.43739,0.01752,0.10134,788.16,5.0891,4.1991,6.6886,0.81803,0.81618,-26.971,14.024,0.70304,0.90453,-0.18696,0.89315,0.061279,3.1007,0.73473,0.16208,4.1164,6.9216,3251.5
4293,0,0.51058,633,1.38,1.34,2289,596.72,50,25.529,68,868,61,31.145,69,863,0.57464,0.88873,0.18323,0.13617,0.28821,66,862,186.98,95.47,0.21512,0.45531,0.011583,0.13227,492.42,5.5706,3.8768,7.4014,1.2788,0.94365,6.0534,22.282,0.64487,0.94374,-0.29751,0.92733,0.05502,3.141,0.74981,0.13123,3.4044,7.2053,2031.4
4293,0,0.51058,633,1.38,1.34,3023,788.06,45,22.976,123,872,87,44.42,124,869,0.85676,0.92406,0.24902,0.15423,0.32143,117,874,223.94,114.34,0.24365,0.50779,0.013392,0.12771,736.56,5.1059,3.3545,6.5755,1.1152,0.95747,-13.244,15.942,0.54156,0.93429,-0.28761,0.92368,0.057062,3.03,0.75321,0.098211,3.8558,8.0357,3038.6
4294,0,0.51058,633,1.38,1.34,4290,1118.4,73,37.272,293,51,85,43.399,294,54,0.52603,0.93343,0.4586,0.067376,0.17299,298,54,314.74,160.7,0.10644,0.27328,-0.0042496,0.063589,456.62,3.9942,4.5798,5.2555,1.0674,0.85937,15.077,12.734,0.75602,0.88791,-0.24627,0.86791,0.0693,3.039,0.71347,0.18831,1.6844,4.3247,1883.8
4294,0,0.51058,633,1.38,1.34,3842,1001.6,71,36.251,304,161,126,64.333,295,150,0.82582,0.95774,0.71706,0.063421,0.21565,290,135,410.2,209.44,0.10019,0.34069,0.0050814,0.074618,384.93,3.5211,4.2912,4.604,1.2614,0.59436,34.182,12.981,0.72357,0.89441,-0.35319,0.86108,0.080674,2.8777,0.71826,0.17973,1.5855,5.3914,1588
4294,0,0.51058,633,1.38,1.34,2809,732.27,53,27.061,120,343,79,40.336,124,346,0.73794,0.9593,0.30217,0.11515,0.23546,128,342,224.31,114.53,0.18191,0.37197,0.002055,0.10697,510.97,4.6903,3.1218,5.8174,1.0717,0.90848,-1.3775,19.78,1.0066,0.90315,-0.21567,0.88931,0.042235,3.3595,0.68099,0.095645,2.8787,5.8865,2108
4294,0,0.51058,633,1.38,1.34,5258,1370.7,60,30.635,443,356,128,65.354,436,350,0.88315,0.94651,0.3697,0.1896,0.41577,424,344,322.44,164.63,0.29953,0.65682,-0.0085068,0.17802,1574.9,5.3551,5.4547,7.4416,0.70843,0.89473,5.7857,17.641,0.48805,0.94616,-0.31605,0.93771,0.055078,3.0593,0.78271,0.10045,4.7401,10.394,6497.2
4294,0,0.51058,633,1.38,1.34,3289,857.41,65,33.188,380,368,74,37.783,382,366,0.45974,0.94218,0.45354,0.15822,0.41232,386,360,273.65,139.72,0.24995,0.65138,0.012004,0.1676,822.1,4.3773,6.4798,6.1386,1.6721,0.8019,22.78,16.949,0.50083,0.9426,-0.37892,0.93087,0.07357,2.9543,0.78837,0.18161,3.9555,10.308,3391.5
4294,0,0.51058,633,1.38,1.34,2541,662.41,40,20.423,71,380,91,46.462,72,377,0.89818,0.87705,0.37262,0.11444,0.21945,84,369,224.61,114.68,0.1808,0.34668,-0.0032336,0.091306,459.4,5.3546,2.7681,6.7303,0.60128,0.92403,-12.787,15.548,1.1668,0.86039,-0.1673,0.8544,0.040347,3.4,0.65146,0.084906,2.8611,5.4863,1895.2
4294,0,0.51058,633,1.38,1.34,2590,675.18,45,22.976,422,397,77,39.314,419,397,0.80928,0.93092,0.22623,0.16863,0.33091,415,400,204.22,104.27,0.2664,0.52276,0.010746,0.14016,689.98,5.4058,4.0037,7.1433,0.35942,0.93187,-21.792,18.302,0.44992,0.95201,-0.29951,0.94101,0.063459,2.9767,0.79376,0.13054,4.2158,8.2727,2846.4
4294,0,0.51058,633,1.38,1.34,5458,1422.8,68,34.719,76,423,117,59.737,70,425,0.80902,0.94784,0.34696,0.10812,0.25194,72,424,322.69,164.76,0.17081,0.39801,0.011351,0.10386,932.29,3.1011,3.5964,4.0201,0.94103,0.86905,23.973,17.849,0.5151,0.9439,-0.34418,0.93162,0.055767,3.0629,0.77475,0.099923,2.7031,6.2985,3846.1
4294,0,0.51058,633,1.38,1.34,4213,1098.3,67,34.209,927,450,83,42.378,926,452,0.60023,0.95793,0.25121,0.10514,0.33056,923,461,264.92,135.26,0.16609,0.52222,0.002586,0.11453,699.75,4.8538,4.4729,6.4422,1.2117,0.93024,22.948,11.919,0.55871,0.91045,-0.37881,0.8951,0.071433,2.892,0.75564,0.1486,2.6284,8.2641,2886.7
4294,0,0.51058,633,1.38,1.34,3762,980.71,35,17.87,479,703,201,102.63,474,703,0.98443,0.98495,0.75436,0.096724,0.25588,486,695,435.01,222.11,0.1528,0.40424,0.0073306,0.099939,574.84,7.1329,2.7129,8.7934,1.2785,0.73,17.788,13.718,1.6588,0.78425,-0.20368,0.82273,0.044319,3.3382,0.55686,0.10341,2.4181,6.397,2371.4
4294,0,0.51058,633,1.38,1.34,3511,915.28,52,26.55,818,773,98,50.037,822,768,0.84645,0.9673,0.31104,0.073068,0.18564,822,766,251.9,128.62,0.11543,0.29327,0.0089811,0.058371,405.28,3.5822,4.1089,4.7379,1.4028,0.92359,9.3269,10.121,0.58386,0.89092,-0.29603,0.88701,0.064536,2.9561,0.74587,0.11431,1.8267,4.641,1671.9
4294,0,0.51058,633,1.38,1.34,2514,655.37,44,22.465,433,892,79,40.336,428,894,0.82904,0.9827,0.25595,0.10839,0.26345,435,895,205.97,105.17,0.17123,0.41619,0.0070964,0.10931,430.48,5.1619,5.8324,7.3136,1.7308,0.9649,15.123,17.261,0.65795,0.92656,-0.3135,0.91225,0.056994,3.1118,0.7515,0.11135,2.7098,6.5862,1775.9
4294,0,0.51058,633,1.38,1.34,5252,1369.1,62,31.656,912,944,138,70.46,916,946,0.89306,0.93041,0.64806,0.074139,0.18204,917,927,432.1,220.62,0.11712,0.28758,-0.0033862,0.068932,615.13,3.4476,3.2302,4.37,0.98179,0.74761,17.177,13.636,0.93219,0.87202,-0.22217,0.85658,0.052869,3.2107,0.67527,0.13646,1.8535,4.551,2537.7
4295,0,0.51058,633,1.38,1.34,3452,899.9,45,22.976,99,82,107,54.632,95,85,0.90547,0.97862,0.42516,0.098127,0.24914,93,95,273.44,139.61,0.15502,0.39358,0.0097369,0.093164,535.12,3.0298,3.4414,3.9062,1.0176,0.86897,20.699,14.103,0.74561,0.89957,-0.27805,0.88274,0.06048,3.0847,0.7099,0.15821,2.4532,6.2284,2207.6
4295,0,0.51058,633,1.38,1.34,2770,722.11,48,24.508,298,274,82,41.867,298,276,0.81413,0.95729,0.40001,0.076643,0.23034,308,275,239.97,122.52,0.12108,0.36388,0.012938,0.060932,335.39,2.7827,7.8341,3.6952,1.2605,0.89134,10.363,7.1881,0.5939,0.84737,-0.30982,0.84838,0.090865,2.7248,0.76136,0.19691,1.9161,5.7584,1383.6
4295,0,0.51058,633,1.38,1.34,4805,1252.6,85,43.399,353,295,111,56.674,342,303,0.63765,0.95555,0.66265,0.093476,0.22162,325,302,421.13,215.02,0.14767,0.35011,-0.048477,0.083192,709.56,2.8435,4.6072,3.7154,0.91738,0.67152,21.147,10.864,0.52043,0.90857,-0.22668,0.89457,0.085758,2.8031,0.77936,0.20543,2.3369,5.5404,2927.2
4295,0,0.51058,633,1.38,1.34,3699,964.29,71,36.251,806,425,75,38.293,803,421,0.32221,0.96732,0.48201,0.085369,0.18978,800,420,298.43,152.37,0.13486,0.29981,-0.0026797,0.062672,498.86,2.7018,3.1394,3.4481,1.073,0.78398,4.9655,9.8379,0.75088,0.85817,-0.19679,0.85311,0.059369,3.041,0.72009,0.097239,2.1342,4.7445,2058
4295,0,0.51058,633,1.38,1.34,3675,958.03,63,32.166,220,442,90,45.952,220,444,0.7193,0.9695,0.49762,0.064342,0.13654,230,437,301.89,154.14,0.10165,0.2157,0.0091493,0.04308,373.55,1.9831,2.9663,2.5038,1.1275,0.78117,17.773,10.248,0.85672,0.8457,-0.18506,0.83542,0.055938,3.0906,0.68834,0.097877,1.6086,3.4134,1541
4295,0,0.51058,633,1.38,1.34,2859,745.31,33,16.849,649,551,111,56.674,649,551,0.95403,0.97656,0.48531,0.087364,0.21113,652,553,262.45,134,0.13802,0.33354,0.017104,0.073965,394.59,3.1063,4.479,4.1646,1.5278,0.91117,29.922,12.981,0.98589,0.85883,-0.22402,0.84063,0.055669,3.2173,0.67439,0.1403,2.1841,5.2783,1627.8
4295,0,0.51058,633,1.38,1.34,485,126.43,20,10.212,863,624,29,14.807,863,625,0.71075,0.98758,0.10747,0.086342,0.20043,862,624,82.53,42.138,0.1364,0.31664,-0.01259,0.074222,66.155,5.0639,3.2094,6.6954,1.4971,0.97777,17.722,10.446,2.1719,0.65573,-0.097133,0.6969,0.035651,3.4886,0.52609,0.062954,2.1586,5.0109,272.92
4295,0,0.51058,633,1.38,1.34,2709,706.21,45,22.976,505,705,80,40.846,503,704,0.82744,0.97388,0.29274,0.10705,0.23332,503,700,217.8,111.21,0.16912,0.36859,0.021912,0.08353,458.14,2.7889,4.1,3.6578,1.5042,0.93196,22.891,14.216,0.52712,0.92849,-0.31044,0.92004,0.060053,3.0342,0.76734,0.1229,2.6763,5.8329,1890
4295,0,0.51058,633,1.38,1.34,2976,775.81,58,29.613,446,719,67,34.209,444,722,0.49528,0.94382,0.2815,0.091135,0.16424,446,725,227.36,116.09,0.14397,0.25946,0.01755,0.058317,428.46,2.6025,3.3803,3.3215,1.193,0.88616,-10.272,13.473,0.93988,0.86958,-0.17329,0.85797,0.048352,3.255,0.67812,0.10979,2.2784,4.1059,1767.6
4295,0,0.51058,633,1.38,1.34,2612,680.92,54,27.571,249,771,67,34.209,242,766,0.59196,0.9482,0.26624,0.10767,0.22627,236,761,211.41,107.94,0.17009,0.35745,0.0074804,0.083856,444.27,3.1884,5.1314,4.2142,1.4785,0.92646,8.4563,13.697,0.87597,0.87978,-0.21323,0.87304,0.0485,3.2481,0.69656,0.10643,2.6917,5.6566,1832.8
4295,0,0.51058,633,1.38,1.34,2858,745.05,36,18.381,432,791,117,59.737,431,792,0.95059,0.96135,0.55342,0.081425,0.16246,444,775,282.1,144.03,0.12863,0.25665,0.022794,0.058476,367.63,2.8404,2.608,3.518,1.2296,0.82258,10.567,13.574,1.6685,0.78108,-0.13777,0.77699,0.033063,3.5495,0.57276,0.053509,2.0356,4.0614,1516.6
4295,0,0.51058,633,1.38,1.34,2341,610.27,36,18.381,297,798,98,50.037,288,796,0.92991,0.96027,0.49734,0.093024,0.19436,279,792,240.56,122.82,0.14696,0.30705,0.0070473,0.074367,344.03,2.883,2.8153,3.5831,1.1581,0.84402,12.717,14.624,0.68312,0.91074,-0.23961,0.89676,0.056733,3.105,0.7315,0.12731,2.3256,4.8591,1419.3
4295,0,0.51058,633,1.38,1.34,3380,881.13,60,30.635,207,826,99,50.547,213,829,0.79581,0.95158,0.43474,0.070469,0.14039,220,823,273.27,139.53,0.11133,0.22179,0.024643,0.044321,376.28,2.4192,2.9009,3.0553,1.1571,0.84016,9.8803,11.343,1.2761,0.79775,-0.15662,0.79513,0.040451,3.3993,0.62411,0.070788,1.7617,3.5098,1552.3
4295,0,0.51058,633,1.38,1.34,3388,883.21,73,37.272,703,857,89,45.441,709,850,0.57659,0.94471,0.64692,0.11517,0.31218,721,857,345.88,176.6,0.18194,0.49318,0.0080066,0.12005,616.4,3.2116,2.9341,4.0124,0.87066,0.71946,29.628,15.443,0.59215,0.92614,-0.35217,0.91109,0.060235,3.0156,0.73712,0.12544,2.8792,7.8045,2542.9
4295,0,0.51058,633,1.38,1.34,4031,1050.8,66,33.698,694,899,77,39.314,697,899,0.4999,0.87323,0.25175,0.15717,0.65027,698,904,261.27,133.4,0.2483,1.0273,-0.37238,0.22276,1000.9,9.2645,15.756,16.215,0.099247,0.92842,17.275,6.3863,0.60575,0.82673,-0.19969,0.84266,0.16384,2.3701,0.82533,0.32189,3.9293,16.257,4129.1
4295,0,0.51058,633,1.38,1.34,1238,322.73,37,18.891,102,946,41,20.934,102,945,0.43082,0.97778,0.047754,0.22302,0.49398,105,943,127.55,65.123,0.35232,0.78038,-0.14333,0.24289,436.18,11.724,3.7741,15.101,0.31656,0.9828,-6.7778,14.718,1.62,0.80169,-0.16459,0.85829,0.046622,3.3023,0.65537,0.083854,5.5755,12.35,1799.4
4296,0,0.51058,633,1.38,1.34,2947,768.25,37,18.891,944,90,132,67.396,946,92,0.95866,0.92997,0.71365,0.1043,0.33183,934,85,357.21,182.38,0.16478,0.52421,-0.27771,0.13544,485.59,9.5731,9.8913,15.295,0.14756,0.6603,7.2232,5.9705,1.183,0.66926,-0.12576,0.80078,0.11771,2.6839,0.75408,0.27841,2.6076,8.2957,2003.3
4296,0,0.51058,633,1.38,1.34,5739,1496.1,68,34.719,795,195,142,72.502,797,193,0.87673,0.92108,0.60152,0.094651,0.24312,789,178,423.4,216.18,0.14953,0.38407,-0.023698,0.083482,858.14,5.2859,4.3048,6.9476,1.0441,0.72281,0.23004,9.1359,1.2488,0.75949,-0.14105,0.76049,0.052276,3.2379,0.65703,0.10379,2.3663,6.0779,3540.2
4296,0,0.51058,633,1.38,1.34,6218,1621,94,47.994,119,191,112,57.185,127,197,0.53824,0.97764,0.46956,0.079229,0.23602,125,202,382.91,195.5,0.12516,0.37286,0.0096651,0.087132,778.27,2.5039,3.5116,3.2348,1.2553,0.88263,38.124,14.721,0.46859,0.9383,-0.42679,0.91665,0.080196,2.8301,0.78209,0.17395,1.9807,5.9005,3210.7
4296,0,0.51058,633,1.38,1.34,6391,1666.1,84,42.888,824,290,136,69.438,809,283,0.78439,0.92362,0.58832,0.092905,0.23258,802,295,440.46,224.89,0.14677,0.36743,-0.047475,0.089033,938.01,4.6105,5.0316,6.101,1.1346,0.78014,8.893,11.096,0.7312,0.87635,-0.20058,0.86069,0.062312,3.0123,0.72915,0.12454,2.3226,5.8145,3869.7
4296,0,0.51058,633,1.38,1.34,5103,1330.3,63,32.166,352,383,110,56.163,353,376,0.81687,0.97737,0.46891,0.093138,0.47371,348,366,345.74,176.53,0.14714,0.74835,0.0052724,0.11484,750.84,3.1086,58.889,5.5765,5.5509,0.82459,14.641,6.1897,0.29102,0.91019,-0.65351,0.87427,0.20937,2.0728,0.8656,0.40721,2.3285,11.843,3097.5
4296,0,0.51058,633,1.38,1.34,5321,1387.1,85,43.399,485,395,90,45.952,490,393,0.34458,0.97592,0.42063,0.098974,0.31068,495,387,339.57,173.38,0.15636,0.4908,-0.002894,0.12111,831.97,3.1894,7.4518,4.6064,1.8921,0.87442,39.35,15.57,0.5071,0.93692,-0.40341,0.9106,0.088036,2.8153,0.78196,0.17377,2.4743,7.7669,3432.2
4296,0,0.51058,633,1.38,1.34,4329,1128.5,71,36.251,110,411,83,42.378,108,414,0.51761,0.98713,0.33624,0.13538,0.4556,109,420,284.77,145.4,0.21387,0.71975,0.0071565,0.14897,925.83,3.4546,10.039,4.8314,2.2093,0.88409,19.728,10.681,0.3742,0.93231,-0.47246,0.91861,0.096239,2.6422,0.81914,0.19837,3.3844,11.39,3819.4
4296,0,0.51058,633,1.38,1.34,3529,919.97,63,32.166,806,455,82,41.867,803,461,0.62999,0.96785,0.35764,0.083446,0.23492,799,472,261.99,133.76,0.13183,0.37112,0.0082434,0.089976,465.21,3.3576,4.7155,4.6058,1.5714,0.88343,35.262,15.247,0.79009,0.90147,-0.31423,0.88047,0.060428,3.1123,0.70667,0.1276,2.0861,5.8729,1919.2
4296,0,0.51058,633,1.38,1.34,3336,869.66,54,27.571,713,489,86,43.91,711,486,0.77751,0.96996,0.25066,0.081381,0.23499,711,482,234.92,119.95,0.12856,0.37123,0.010955,0.071995,428.89,3.3675,4.7492,4.5016,1.4942,0.94111,10.459,9.6468,0.62887,0.8776,-0.31114,0.86735,0.068633,2.9101,0.73922,0.13702,2.0345,5.8747,1769.3
4296,0,0.51058,633,1.38,1.34,3785,986.71,60,30.635,510,579,131,66.886,501,568,0.88607,0.97687,0.5813,0.083093,0.18292,504,570,335.22,171.15,0.13127,0.28897,0.0041724,0.066596,496.85,3.6822,3.1801,4.6843,1.3783,0.7265,-5.4414,11.54,1.5343,0.76529,-0.13845,0.77701,0.045214,3.3924,0.62787,0.11761,2.0773,4.5729,2049.7
4296,0,0.51058,633,1.38,1.34,3340,870.7,41,20.934,807,607,114,58.206,808,603,0.93202,0.97848,0.47042,0.077359,0.23784,798,573,280.54,143.24,0.12221,0.37573,0.0032735,0.066535,408.18,3.5829,5.4417,4.8093,1.6788,0.85198,8.5926,6.919,1.0227,0.74245,-0.18539,0.75164,0.068503,3.0085,0.67718,0.16344,1.934,5.946,1683.9
4296,0,0.51058,633,1.38,1.34,1472,383.73,36,18.381,922,594,54,27.571,927,595,0.73195,0.97464,0.31739,0.064119,0.12988,938,593,163.91,83.69,0.10129,0.20518,0.0082037,0.050501,149.1,2.8193,2.8509,3.5465,1.2211,0.90322,4.6239,15.397,1.0342,0.87412,-0.20017,0.86103,0.043659,3.3197,0.64985,0.090774,1.603,3.2469,615.11
4296,0,0.51058,633,1.38,1.34,1997,520.6,34,17.36,979,612,77,39.314,974,611,0.89397,0.96873,0.41576,0.071703,0.16911,975,609,205.55,104.95,0.11327,0.26716,0.0031574,0.057243,226.21,3.2909,3.8254,4.3186,1.4663,0.88279,6.6649,11.02,0.882,0.85179,-0.21559,0.85021,0.052792,3.1543,0.68414,0.10593,1.7926,4.2278,933.21
4296,0,0.51058,633,1.38,1.34,6611,1723.4,91,46.462,448,675,100,51.058,447,681,0.41806,0.96343,0.36662,0.082271,0.22411,442,684,361.28,184.46,0.12997,0.35405,0.011922,0.073573,859.23,2.2391,3.7565,2.9104,1.3634,0.87007,11.645,11.413,0.39189,0.93361,-0.40245,0.92246,0.082567,2.7402,0.81016,0.14626,2.0568,5.6029,3544.7
4296,0,0.51058,633,1.38,1.34,3634,947.34,68,34.719,627,743,83,42.378,621,741,0.56165,0.97487,0.38005,0.083323,0.22003,621,739,270.5,138.11,0.13163,0.3476,-0.0023802,0.083908,478.35,3.1739,4.1763,4.1719,1.4232,0.83762,11.99,14.221,0.72005,0.90361,-0.27589,0.88143,0.062343,3.0367,0.7244,0.14778,2.0831,5.5008,1973.4
4296,0,0.51058,633,1.38,1.34,5552,1447.3,80,40.846,408,754,97,49.526,412,752,0.55358,0.95575,0.27352,0.089605,0.26574,411,745,309.39,157.97,0.14156,0.41981,0.007111,0.087893,785.92,2.4807,7.1611,3.4023,1.8117,0.91932,18.866,11.418,0.42241,0.92865,-0.41384,0.91553,0.083009,2.7493,0.80265,0.17544,2.2401,6.6435,3242.2
4296,0,0.51058,633,1.38,1.34,5518,1438.5,90,45.952,971,755,102,52.079,964,757,0.47011,0.95775,0.53463,0.082656,0.24268,959,759,384.49,196.31,0.13058,0.38338,-0.0030208,0.096762,720.53,2.8284,4.7016,3.7741,1.244,0.81556,44.747,15.941,0.69453,0.9165,-0.33095,0.8914,0.068296,3.0304,0.7333,0.1666,2.0664,6.067,2972.5
4296,0,0.51058,633,1.38,1.34,5665,1476.8,72,36.762,896,777,112,57.185,900,780,0.76691,0.9524,0.51929,0.09445,0.26735,896,770,383.63,195.87,0.14921,0.42235,0.0067228,0.10535,845.28,3.0337,3.938,4.0389,1.3377,0.74859,41.996,15.897,0.74404,0.91058,-0.32465,0.88734,0.066525,3.0779,0.73471,0.16187,2.3613,6.6836,3487.1
4296,0,0.51058,633,1.38,1.34,2865,746.87,34,17.36,162,808,120,61.269,158,804,0.95788,0.98344,0.51955,0.082776,0.20385,152,791,273.08,139.43,0.13077,0.32203,0.008981,0.081275,374.65,3.3497,5.5478,4.6453,1.8527,0.92304,22.314,15.614,1.3135,0.84481,-0.21111,0.83896,0.041275,3.3829,0.58795,0.076321,2.0694,5.0962,1545.6
4296,0,0.51058,633,1.38,1.34,6652,1734.1,100,51.058,427,841,104,53.1,430,834,0.29629,0.9677,0.44016,0.078968,0.2066,434,829,385.87,197.02,0.12475,0.32639,0.010256,0.069919,829.85,2.3032,3.9172,3.004,1.3454,0.82819,11.287,12.09,0.46277,0.92627,-0.36211,0.91535,0.071525,2.8499,0.7877,0.13777,1.9742,5.1651,3423.5
4296,0,0.51058,633,1.38,1.34,3349,873.05,69,35.23,599,892,95,48.505,607,891,0.68863,0.96088,0.67661,0.031183,0.092535,608,895,359.71,183.66,0.049262,0.14618,0.010456,0.02303,164.98,2.02,3.0856,2.5608,1.2379,0.73821,32.812,7.1075,0.92381,0.76995,-0.18551,0.70776,0.11323,2.7124,0.68369,0.24406,0.77956,2.3134,680.6
4296,0,0.51058,633,1.38,1.34,6432,1676.8,63,32.166,274,903,144,73.523,276,899,0.89786,0.9786,0.49722,0.076674,0.21664,281,899,399.46,203.95,0.12113,0.34225,0.010483,0.07915,779.09,2.3581,3.9698,3.1026,1.4197,0.87371,34.102,14.572,0.38331,0.94874,-0.44769,0.93011,0.089748,2.7499,0.81805,0.19424,1.9168,5.4161,3214.1
4296,0,0.51058,633,1.38,1.34,2937,765.64,45,22.976,72,912,92,46.973,75,916,0.87411,0.98031,0.32634,0.07921,0.18005,72,919,232.8,118.86,0.12513,0.28444,0.0056343,0.074071,367.52,2.9517,3.4017,3.793,1.3313,0.93209,25.364,17.38,0.6859,0.92407,-0.2763,0.9041,0.053938,3.138,0.71547,0.12694,1.9802,4.5012,1516.2
4296,0,0.51058,633,1.38,1.34,812,211.68,28,14.296,429,952,35,17.87,429,953,0.61859,0.99147,0.054545,0.097936,0.24273,428,950,103.59,52.889,0.15472,0.38347,0.012716,0.11384,125.63,6.7192,4.4282,9.2292,1.6756,0.97167,32.74,21.094,2.7108,0.77224,-0.17509,0.80071,0.040819,3.5027,0.47017,0.091168,2.4484,6.0684,518.28
4296,0,0.51058,633,1.38,1.34,2463,642.08,40,20.423,153,956,98,50.037,145,957,0.91044,0.98606,0.45672,0.089817,0.23243,150,953,236.53,120.77,0.14189,0.3672,0.0016887,0.093843,349.48,3.9886,3.3348,5.0777,1.1975,0.88478,31.354,15.389,0.99377,0.87868,-0.24925,0.86529,0.046429,3.2892,0.67313,0.10138,2.2454,5.8109,1441.7
4297,0,0.51058,633,1.38,1.34,1596,416.06,39,19.913,274,21,57,29.103,268,20,0.72928,0.88747,0.34149,0.096101,0.26208,261,21,174.03,88.854,0.15182,0.41403,-0.11598,0.092972,242.3,5.3722,9.2877,8.1782,1.1535,0.88973,-2.5433,7.284,0.62406,0.84217,-0.16114,0.8327,0.11345,2.6374,0.78027,0.22215,2.4025,6.552,999.59
4297,0,0.51058,633,1.38,1.34,1758,458.29,35,17.87,941,55,61,31.145,942,55,0.81332,0.77228,0.23102,0.089789,0.27066,944,57,169.38,86.483,0.14185,0.42758,-0.14534,0.085871,249.37,6.851,6.6252,9.9608,1.2324,0.94781,1.2154,4.2123,1.4698,0.48265,-0.074162,0.64586,0.074544,2.8943,0.66491,0.14654,2.2447,6.7664,1028.7
4297,0,0.51058,633,1.38,1.34,3342,871.22,50,25.529,878,51,119,60.759,879,55,0.90615,0.79597,0.54053,0.098126,0.28295,882,57,300.29,153.32,0.15502,0.447,-0.064813,0.094816,518.07,5.9001,3.7201,7.674,0.35698,0.81455,7.0953,7.9885,0.97729,0.78199,-0.15512,0.7814,0.059302,3.0881,0.67772,0.11832,2.4532,7.0739,2137.3
4297,0,0.51058,633,1.38,1.34,2908,758.08,54,27.571,741,63,73,37.272,736,65,0.66666,0.91516,0.33038,0.094891,0.2324,738,61,233.05,118.99,0.14991,0.36714,-0.013766,0.082941,435.93,4.5746,3.4945,5.8307,1.0375,0.92091,2.1461,10.733,1.0748,0.81795,-0.17164,0.80879,0.049858,3.2377,0.65926,0.10394,2.3723,5.81,1798.4
4297,0,0.51058,633,1.38,1.34,4753,1239.1,63,32.166,622,99,151,77.097,621,101,0.90727,0.92249,0.66198,0.086303,0.26875,638,110,418.28,213.56,0.13634,0.42456,-0.023342,0.093057,648.02,4.0345,4.8066,5.4228,0.97311,0.69918,19.848,10.629,0.66697,0.88191,-0.28824,0.87228,0.082673,2.9024,0.7528,0.19594,2.1576,6.7186,2673.4
4297,0,0.51058,633,1.38,1.34,2627,684.83,54,27.571,859,98,65,33.188,861,96,0.55277,0.79943,0.36536,0.11284,0.29246,854,101,226.58,115.69,0.17826,0.46202,-0.029691,0.09477,468.29,6.1637,4.7495,8.1592,0.769,0.85523,-1.4817,7.9149,1.2582,0.72567,-0.12436,0.72869,0.051388,3.2242,0.62252,0.1131,2.821,7.3115,1931.9
4297,0,0.51058,633,1.38,1.34,3740,974.98,68,34.719,912,117,73,37.272,913,118,0.38235,0.7953,0.32457,0.087719,0.24403,907,114,262.85,134.2,0.13858,0.38551,-0.02941,0.07712,518.28,5.0417,4.4052,6.6337,0.71922,0.88156,6.4761,7.8061,1.0999,0.753,-0.15674,0.7684,0.061735,3.0996,0.67622,0.11883,2.193,6.1007,2138.1
4297,0,0.51058,633,1.38,1.34,1683,438.74,32,16.338,297,154,69,35.23,296,153,0.8798,0.98019,0.27624,0.10062,0.21417,295,150,170.78,87.198,0.15896,0.33834,-0.028822,0.09181,267.53,4.2959,3.4413,5.4754,0.74649,0.92746,0.40775,14.499,0.74699,0.90201,-0.21286,0.89379,0.047875,3.1843,0.70412,0.077996,2.5155,5.3543,1103.7
4297,0,0.51058,633,1.38,1.34,2413,629.04,60,30.635,861,163,62,31.656,862,169,0.2914,0.9061,0.49774,0.12499,0.28637,860,174,245.05,125.12,0.19746,0.4524,-0.087361,0.11732,476.47,5.1185,4.3999,6.7973,0.91849,0.8129,5.8755,10.959,0.85052,0.85596,-0.16762,0.85451,0.053248,3.1175,0.69279,0.10177,3.1248,7.1593,1965.6
4297,0,0.51058,633,1.38,1.34,2433,634.26,53,27.061,820,198,73,37.272,824,194,0.68967,0.91581,0.43204,0.098873,0.25405,834,194,230.03,117.45,0.1562,0.40134,-0.022519,0.083905,380.03,4.2417,6.1939,5.6946,1.3688,0.8138,5.0787,8.8174,1.0988,0.77838,-0.16396,0.79304,0.058476,3.1554,0.6676,0.12919,2.4718,6.3512,1567.8
4297,0,0.51058,633,1.38,1.34,4894,1275.8,59,30.124,706,210,118,60.248,704,205,0.86506,0.88576,0.41347,0.089911,0.27582,703,197,323.3,165.07,0.14204,0.43573,-0.013884,0.097093,695.14,3.492,5.4994,4.7658,1.0845,0.88887,25.346,11.461,0.71306,0.88285,-0.2759,0.8568,0.095106,2.8885,0.74331,0.24994,2.2478,6.8955,2867.7
4297,0,0.51058,633,1.38,1.34,4729,1232.8,70,35.74,927,212,114,58.206,938,217,0.78767,0.85588,0.57275,0.067788,0.2842,952,211,371.24,189.54,0.10709,0.44897,-0.015602,0.058415,506.43,4.1463,6.003,5.4243,0.97089,0.77715,3.4141,3.677,0.66344,0.6943,-0.2033,0.70431,0.11409,2.5098,0.74196,0.23986,1.6947,7.105,2089.2
4297,0,0.51058,633,1.38,1.34,4659,1214.5,55,28.082,649,214,129,65.864,654,215,0.90229,0.91006,0.43146,0.098629,0.31025,653,221,320.13,163.45,0.15581,0.49012,-0.012256,0.097564,725.93,3.352,5.7841,4.6126,1.3411,0.89884,10.98,8.8987,0.75644,0.84331,-0.26144,0.84018,0.062649,2.9841,0.69847,0.11944,2.4657,7.7561,2994.8
4297,0,0.51058,633,1.38,1.34,3022,787.8,57,29.103,930,310,70,35.74,930,309,0.58434,0.87094,0.3046,0.087074,0.19544,921,302,232.91,118.92,0.13756,0.30875,-0.0024209,0.072788,415.7,3.5622,3.2608,4.582,0.71834,0.87518,-0.26592,12.706,1.1432,0.8349,-0.17504,0.82386,0.043518,3.3394,0.64656,0.07866,2.1769,4.8859,1714.9
4297,0,0.51058,633,1.38,1.34,3038,791.97,55,28.082,334,300,81,41.357,334,304,0.72917,0.96278,0.49375,0.096598,0.22943,338,307,274.58,140.19,0.1526,0.36244,-0.020335,0.091097,463.61,3.3196,4.0183,4.4083,1.2267,0.84756,3.7743,13.325,0.73579,0.89534,-0.23141,0.88525,0.063516,3.0732,0.73515,0.15409,2.415,5.7357,1912.6
4297,0,0.51058,633,1.38,1.34,3362,876.44,69,35.23,639,432,69,35.23,643,433,0.12844,0.93061,0.4956,0.11089,0.29854,642,424,289.16,147.64,0.17519,0.47162,-0.024464,0.10587,588.97,3.5226,5.5912,4.9015,1.3031,0.85141,10.489,10.777,0.69276,0.8792,-0.25579,0.87796,0.063844,3.0498,0.73819,0.13219,2.7723,7.4634,2429.8
4297,0,0.51058,633,1.38,1.34,4814,1255,51,26.039,700,479,165,84.245,697,475,0.95001,0.93124,0.63391,0.085268,0.17707,686,443,404.37,206.46,0.1347,0.27974,-0.0052764,0.06568,648.47,2.6942,3.4931,3.4848,1.0126,0.71545,-0.77799,11.934,1.0564,0.83735,-0.16721,0.83697,0.047951,3.2609,0.6733,0.083931,2.1317,4.4268,2675.2
4297,0,0.51058,633,1.38,1.34,2721,709.33,41,20.934,962,442,97,49.526,959,444,0.90177,0.91604,0.46767,0.12069,0.31268,953,444,251.97,128.65,0.19067,0.49397,-0.047821,0.12097,518.81,5.6707,3.5635,7.2694,0.87928,0.92612,10.309,10.923,1.4708,0.76266,-0.14848,0.7875,0.048974,3.3328,0.64003,0.11687,3.0173,7.8171,2140.3
4297,0,0.51058,633,1.38,1.34,4949,1290.1,94,47.994,235,457,117,59.737,251,455,0.58779,0.964,0.61175,0.068245,0.17072,253,449,398.87,203.65,0.10781,0.2697,-0.0026686,0.056479,533.57,2.1071,4.2752,2.8048,1.5409,0.71866,19.567,10.123,0.75616,0.86099,-0.21807,0.84929,0.066345,3.0028,0.71886,0.14701,1.7061,4.268,2201.2
4297,0,0.51058,633,1.38,1.34,4185,1091,60,30.635,82,476,88,44.931,83,475,0.72515,0.94114,0.2379,0.089133,0.21488,86,471,261.34,133.44,0.14081,0.33947,0.00026369,0.081299,589.29,2.1665,3.4478,2.8105,1.128,0.92565,21.063,13.664,0.68332,0.90475,-0.266,0.89133,0.059827,3.0764,0.72905,0.14194,2.2283,5.3721,2431.1
4297,0,0.51058,633,1.38,1.34,3208,836.29,53,27.061,654,494,95,48.505,658,489,0.82991,0.91153,0.41035,0.1077,0.20974,652,486,261.05,133.28,0.17014,0.33135,-0.0065175,0.072601,545.79,2.9523,3.5997,3.8383,1.1173,0.86387,-15.163,10.035,0.94856,0.82727,-0.14502,0.81985,0.064608,3.1149,0.68808,0.16632,2.6924,5.2436,2251.6
4297,0,0.51058,633,1.38,1.34,5384,1403.5,67,34.209,648,582,130,66.375,652,585,0.85327,0.93529,0.56108,0.087459,0.29889,668,593,391.58,199.93,0.13817,0.47218,-0.0056968,0.092401,743.88,2.7923,7.2584,3.8289,1.5864,0.78444,17.756,9.5817,0.41391,0.91718,-0.422,0.90311,0.10227,2.6329,0.81385,0.2301,2.1865,7.4723,3068.8
4297,0,0.51058,633,1.38,1.34,3024,788.32,42,21.444,664,645,101,51.568,665,648,0.9091,0.9394,0.48385,0.10188,0.30742,663,651,269.78,137.74,0.16095,0.48566,-0.0062763,0.11648,486.72,3.6181,5.7001,5.2048,1.5809,0.82769,30.774,13.541,0.98685,0.86414,-0.25973,0.84563,0.061627,3.1542,0.6648,0.16003,2.5471,7.6856,2007.9
4297,0,0.51058,633,1.38,1.34,4260,1110.5,74,37.783,77,736,77,39.314,75,734,0.30611,0.96646,0.25476,0.11706,0.25853,76,731,267.22,136.44,0.18493,0.40843,0.010021,0.10655,787.81,2.1765,4.3623,2.905,1.309,0.91217,7.2857,17.573,0.60877,0.93304,-0.29892,0.92009,0.050784,3.1223,0.73449,0.087715,2.9265,6.4634,3250
4297,0,0.51058,633,1.38,1.34,7455,1943.4,99,50.547,896,720,138,70.46,911,727,0.69538,0.94864,0.47767,0.072614,0.17797,897,745,421.84,215.38,0.11471,0.28116,0.0034756,0.059638,855.19,2.1541,4.1307,2.8093,1.1853,0.83479,7.4387,11.04,0.67148,0.88533,-0.25777,0.8763,0.062448,3.0077,0.72648,0.12962,1.8154,4.4494,3528
4297,0,0.51058,633,1.38,1.34,5447,1420,71,36.251,195,773,122,62.29,192,766,0.81239,0.95966,0.34368,0.077749,0.19634,195,769,321.57,164.19,0.12283,0.31018,0.0091253,0.062866,669.03,2.051,6.7411,2.7324,1.6393,0.91661,11.597,10.515,0.51352,0.90687,-0.31556,0.89905,0.073758,2.8662,0.76878,0.15168,1.9437,4.9085,2760
4297,0,0.51058,633,1.38,1.34,1882,490.62,35,17.87,621,774,76,38.804,622,773,0.8881,0.98631,0.39891,0.092264,0.20912,626,773,196.82,100.49,0.14576,0.33036,0.0010983,0.087649,274.31,3.7986,3.5585,4.8046,1.05,0.83539,7.3205,15.402,2.0611,0.76395,-0.13636,0.7722,0.036323,3.5886,0.59791,0.098262,2.3066,5.2279,1131.7
4297,0,0.51058,633,1.38,1.34,4184,1090.7,57,29.103,87,787,110,56.163,94,787,0.84989,0.95708,0.41406,0.11421,0.25935,92,782,298.65,152.48,0.18043,0.40972,0.015402,0.099703,754.91,2.5559,4.021,3.325,1.142,0.84132,-0.59149,15.133,0.76879,0.9033,-0.25957,0.88997,0.049673,3.1637,0.69992,0.098166,2.8553,6.4839,3114.3
4297,0,0.51058,633,1.38,1.34,2666,695,45,22.976,654,877,110,56.163,659,878,0.91092,0.977,0.62306,0.078518,0.20972,651,887,296.89,151.59,0.12404,0.33131,-0.010534,0.07677,330.69,2.7866,4.4207,3.7337,1.3838,0.75033,12.007,11.223,1.1043,0.82084,-0.18565,0.81314,0.058707,3.1727,0.67067,0.12753,1.9629,5.243,1364.2
4297,0,0.51058,633,1.38,1.34,4297,1120.2,60,30.635,206,963,101,51.568,203,957,0.79945,0.97502,0.38429,0.083572,0.24345,206,951,296.04,151.15,0.13202,0.3846,0.012266,0.089754,567.31,2.0591,4.5988,2.7912,1.4973,0.88508,34.925,14.643,0.58745,0.92286,-0.37166,0.89873,0.072601,2.9352,0.75769,0.15373,2.0893,6.0863,2340.4
4298,0,0.51058,633,1.38,1.34,3365,877.22,58,29.613,47,33,75,38.293,48,36,0.63829,0.9608,0.24167,0.078477,0.17405,54,38,235.05,120.01,0.12398,0.27497,0.0022873,0.072226,417.18,3.2927,3.0203,4.1461,1.0461,0.93105,24.64,17.251,0.75876,0.91574,-0.25415,0.89816,0.060007,3.1306,0.70625,0.17051,1.9619,4.3513,1721
4298,0,0.51058,633,1.38,1.34,5415,1411.6,75,38.293,256,56,92,46.973,255,57,0.57849,0.94455,0.20292,0.097207,0.22353,264,54,290.84,148.5,0.15357,0.35313,0.0014941,0.081414,831.56,3.8567,3.0676,4.871,0.91052,0.94136,1.4867,12.688,0.60663,0.90874,-0.26326,0.89688,0.06111,3.0154,0.73813,0.13112,2.4302,5.5882,3430.5
4298,0,0.51058,633,1.38,1.34,2554,665.8,43,21.955,727,54,78,39.825,726,54,0.83651,0.92944,0.39076,0.11871,0.36044,738,60,227.71,116.26,0.18754,0.56942,-0.081048,0.14128,478.96,9.1284,7.4925,13.406,0.88393,0.86033,13.206,10.947,1.3128,0.78583,-0.18173,0.81311,0.070199,3.049,0.69687,0.16854,2.9677,9.0111,1975.9
4298,0,0.51058,633,1.38,1.34,5479,1428.3,66,33.698,377,79,143,73.013,382,72,0.88629,0.95756,0.54246,0.092212,0.26556,388,73,387.02,197.6,0.14568,0.41952,-0.0011183,0.10497,798.15,4.6693,5.9536,6.3357,0.96725,0.79973,46.401,15.854,0.56467,0.93122,-0.36038,0.90682,0.074393,2.9498,0.75947,0.18803,2.3053,6.6389,3292.7
4298,0,0.51058,633,1.38,1.34,5487,1430.4,77,39.314,659,99,109,55.653,661,94,0.70652,0.91974,0.44128,0.083135,0.25575,655,94,350.21,178.81,0.13133,0.40403,-0.01258,0.077537,720.63,5.435,3.883,7.0538,0.85483,0.88367,14.649,8.2904,0.65072,0.85444,-0.26519,0.84468,0.082416,2.8472,0.74453,0.18843,2.0784,6.3938,2972.9
4298,0,0.51058,633,1.38,1.34,2701,704.12,53,27.061,70,113,62,31.656,70,113,0.51889,0.97461,0.063054,0.10221,0.25976,70,111,189.38,96.695,0.16147,0.41037,0.017434,0.10029,436.14,4.0733,3.8953,5.3053,1.3757,0.97643,27.727,15.999,0.66798,0.91984,-0.33004,0.9048,0.055465,3.1086,0.72333,0.12159,2.5553,6.494,1799.2
4298,0,0.51058,633,1.38,1.34,6074,1583.4,75,38.293,206,117,111,56.674,198,116,0.734,0.94334,0.27567,0.081497,0.20596,192,114,323.75,165.3,0.12875,0.32536,0.011523,0.06984,782.01,3.6324,3.3304,4.6241,0.82291,0.91331,12.313,11.954,0.70947,0.88795,-0.27196,0.87132,0.059734,3.047,0.7198,0.13663,2.0374,5.1489,3226.1
4298,0,0.51058,633,1.38,1.34,4231,1103,71,36.251,569,212,110,56.163,565,214,0.76194,0.95913,0.64425,0.097173,0.3261,571,204,385.91,197.04,0.15351,0.51516,-0.0012852,0.12262,649.51,5.6386,8.259,8.1743,1.6573,0.78945,39.961,14.766,0.4981,0.93474,-0.43694,0.90862,0.096736,2.7641,0.78346,0.22588,2.4293,8.1525,2679.5
4298,0,0.51058,633,1.38,1.34,2501,651.98,43,21.955,768,218,79,40.336,771,220,0.83624,0.92613,0.32384,0.093574,0.22431,763,222,214.5,109.52,0.14783,0.35436,-0.027595,0.081015,369.71,5.8225,3.4903,7.4718,1.0582,0.90009,7.1988,10.667,0.85678,0.85131,-0.18419,0.83941,0.056662,3.0855,0.69885,0.094057,2.3394,5.6078,1525.2
4298,0,0.51058,633,1.38,1.34,4422,1152.8,55,28.082,841,223,114,58.206,842,224,0.87701,0.90329,0.36495,0.11497,0.41644,835,217,294.77,150.5,0.18163,0.65788,-0.015642,0.11783,803.18,6.4554,5.9542,8.6916,1.1225,0.91529,13.35,7.5056,0.57427,0.85785,-0.33014,0.8486,0.085298,2.7476,0.75548,0.18575,2.8743,10.411,3313.4
4298,0,0.51058,633,1.38,1.34,7029,1832.4,95,48.505,940,234,106,54.121,932,231,0.44262,0.87994,0.6358,0.080737,0.25599,917,229,491.09,250.74,0.12755,0.40442,-0.03264,0.082524,896.52,6.0738,4.8707,8.0511,0.74652,0.77073,12.666,8.5071,0.81593,0.82497,-0.21426,0.81425,0.084035,2.8946,0.71458,0.21224,2.0184,6.3999,3698.5
4298,0,0.51058,633,1.38,1.34,4024,1049,52,26.55,675,318,121,61.78,669,317,0.90257,0.94403,0.4721,0.095924,0.24112,664,312,308.37,157.45,0.15154,0.38092,0.00015792,0.090605,609.79,4.2485,3.3914,5.4381,1.0557,0.84752,17.233,13.809,0.71259,0.90186,-0.27471,0.88929,0.053047,3.1324,0.71294,0.11836,2.3981,6.028,2515.6
4298,0,0.51058,633,1.38,1.34,4611,1202,66,33.698,875,314,108,55.142,871,306,0.78642,0.88159,0.3692,0.094613,0.27431,866,312,302.09,154.24,0.14947,0.43334,-0.01031,0.078463,689.2,5.4583,3.8571,7.1621,0.89782,0.91431,7.9661,7.2795,0.74631,0.81402,-0.21432,0.81122,0.073021,2.8979,0.7143,0.12869,2.3653,6.8577,2843.2
4298,0,0.51058,633,1.38,1.34,2341,610.27,50,25.529,630,339,55,28.082,630,336,0.43567,0.9505,0.15208,0.085383,0.19232,644,327,185.8,94.866,0.13489,0.30383,0.016019,0.066506,315.77,3.997,3.6641,5.1619,0.95608,0.963,6.1534,12.611,0.84215,0.8748,-0.23753,0.86712,0.048235,3.2077,0.68882,0.081914,2.1346,4.8081,1302.7
4298,0,0.51058,633,1.38,1.34,2146,559.44,41,20.934,134,352,78,39.825,136,354,0.84771,0.96402,0.45746,0.077962,0.20864,141,361,221.74,113.22,0.12316,0.32961,0.0079708,0.071469,264.31,3.5652,4.4415,4.6835,1.3457,0.80849,16.934,12.131,0.74751,0.88391,-0.28878,0.87458,0.055251,3.0899,0.70247,0.10709,1.949,5.216,1090.4
4298,0,0.51058,633,1.38,1.34,4395,1145.7,57,29.103,855,367,109,55.653,860,363,0.85216,0.90808,0.45077,0.099558,0.2587,863,364,316.19,161.44,0.15728,0.40868,-0.0067784,0.096137,691.24,5.4935,4.1518,7.3232,0.84242,0.84913,19.29,13.351,0.66468,0.90515,-0.27475,0.88288,0.077623,2.959,0.74438,0.20764,2.489,6.4674,2851.7
4298,0,0.51058,633,1.38,1.34,5657,1474.7,86,43.91,767,373,92,46.973,767,375,0.36383,0.93843,0.36313,0.096651,0.2579,763,377,333.14,170.09,0.15269,0.40743,-0.0005451,0.091565,863.75,4.5344,5.6966,6.0441,1.0647,0.90151,12.46,12.261,0.68033,0.89486,-0.2805,0.87773,0.067385,2.9904,0.72789,0.1705,2.4163,6.4476,3563.3
4298,0,0.51058,633,1.38,1.34,4416,1151.2,69,35.23,184,389,89,45.441,183,385,0.62862,0.9646,0.29233,0.084087,0.18147,182,373,278.96,142.43,0.13284,0.28668,0.011997,0.072342,586.62,2.9853,3.5875,3.893,1.2211,0.92242,15.986,17.041,0.63134,0.92855,-0.27238,0.90542,0.070413,3.0256,0.7408,0.18967,2.1022,4.5367,2420
4298,0,0.51058,633,1.38,1.34,8241,2148.3,102,52.079,337,429,130,66.375,338,430,0.6202,0.95936,0.69873,0.068442,0.20766,322,443,584.13,298.24,0.10812,0.32805,0.010143,0.066493,891.05,2.9733,3.449,3.8072,0.95395,0.72243,25.5,11.121,0.48581,0.91629,-0.37927,0.89104,0.092745,2.7343,0.78178,0.22234,1.7111,5.1914,3675.9
4298,0,0.51058,633,1.38,1.34,5621,1465.3,72,36.762,222,650,114,58.206,219,656,0.77658,0.9727,0.26714,0.086262,0.21196,222,646,309.44,157.99,0.13627,0.33485,0.014841,0.077857,766,2.8648,3.2591,3.6831,1.1853,0.94651,28.856,14.776,0.44436,0.94161,-0.37966,0.93013,0.06853,2.9227,0.7905,0.1582,2.1566,5.299,3160.1
4298,0,0.51058,633,1.38,1.34,2925,762.51,57,29.103,922,664,63,32.166,923,665,0.42236,0.97562,0.15374,0.10228,0.22176,924,668,207.74,106.07,0.16159,0.35033,-0.00032635,0.094805,472.64,3.9234,3.7374,5.136,1.2649,0.95011,7.4834,17.085,0.89345,0.90061,-0.22354,0.88277,0.047063,3.2706,0.68378,0.10326,2.5571,5.544,1949.8
4298,0,0.51058,633,1.38,1.34,5016,1307.6,63,32.166,230,754,115,58.716,233,752,0.83714,0.96255,0.33995,0.10025,0.22883,234,751,308.01,157.26,0.15838,0.3615,0.014736,0.089826,794.43,3.324,3.3096,4.2811,1.2173,0.89929,10.769,15.882,0.7379,0.9112,-0.26701,0.89363,0.052432,3.1308,0.70706,0.10258,2.5063,5.7208,3277.3
4298,0,0.51058,633,1.38,1.34,4574,1192.4,77,39.314,549,776,122,62.29,543,783,0.77349,0.97146,0.50249,0.083621,0.18718,542,784,338.51,172.84,0.1321,0.2957,0.016459,0.068655,604.24,3.4829,3.7081,4.5282,1.4031,0.79231,11.948,14.273,0.71118,0.90508,-0.27378,0.89691,0.049898,3.1709,0.71669,0.087088,2.0905,4.6794,2492.7
4298,0,0.51058,633,1.38,1.34,3829,998.18,47,23.997,246,822,132,67.396,250,827,0.93278,0.95841,0.49725,0.084985,0.21603,252,831,308.71,157.62,0.13426,0.34128,0.014241,0.07899,514.07,3.7143,4.1921,4.9527,1.5655,0.8581,26.97,14.665,0.48458,0.93603,-0.37219,0.92171,0.06711,2.9365,0.77997,0.13643,2.1246,5.4007,2120.8
4298,0,0.51058,633,1.38,1.34,3478,906.68,60,30.635,419,824,106,54.121,414,837,0.82493,0.97898,0.59482,0.066069,0.14703,409,841,326.48,166.69,0.10437,0.23227,0.022114,0.05447,363.02,2.6694,3.0558,3.3865,1.3566,0.70567,11.18,16.109,0.88079,0.89631,-0.26058,0.87906,0.047517,3.2159,0.67351,0.085147,1.6517,3.6757,1497.6
4298,0,0.51058,633,1.38,1.34,3382,881.65,50,25.529,250,966,95,48.505,250,966,0.85012,0.96446,0.28023,0.066403,0.14487,249,957,242.39,123.76,0.1049,0.22886,0.011705,0.050111,354.78,3.1685,3.1253,4.0454,1.0472,0.94025,12.938,12.62,0.83141,0.87638,-0.22523,0.86484,0.050619,3.199,0.6959,0.099282,1.6601,3.6217,1463.6
