5079,0,0.51058,633,1.38,1.34,3450,899.38,62,31.656,327,61,100,51.058,320,67,0.7856,0.87292,0.4746,0.088593,0.25631,326,63,286.22,146.14,0.13996,0.40491,0.0053082,0.078388,482.85,3.0554,7.8944,4.2561,1.6148,0.83581,14.608,9.4531,0.59581,0.88142,-0.33443,0.88655,0.080451,2.8517,0.77208,0.16206,2.2148,6.4077,1992
5079,0,0.51058,633,1.38,1.34,3171,826.64,52,26.55,387,74,84,42.888,389,81,0.78887,0.88127,0.28378,0.10761,0.28863,392,88,234.73,119.85,0.17,0.45597,-0.015918,0.10598,539.06,3.8294,7.1622,5.228,1.3912,0.93567,6.0036,11.572,0.92155,0.85248,-0.21841,0.84262,0.052316,3.1697,0.67653,0.1086,2.6902,7.2157,2223.8
5079,0,0.51058,633,1.38,1.34,3633,947.08,57,29.103,663,95,92,46.973,665,90,0.78235,0.9194,0.56276,0.086782,0.2546,667,97,321.83,164.32,0.1371,0.40222,-0.048387,0.092738,498.07,3.9532,8.0084,5.3808,1.6002,0.77154,11.488,10.317,0.79097,0.85759,-0.21087,0.84496,0.06894,3.0019,0.71585,0.16783,2.1696,6.3651,2054.8
5079,0,0.51058,633,1.38,1.34,1766,460.38,37,18.891,486,115,60,30.635,490,115,0.78759,0.90482,0.32321,0.17914,0.39448,491,112,179.97,91.891,0.28301,0.62319,-0.15337,0.16788,499.79,7.9094,8.7868,10.614,-0.39736,0.89118,-10.472,10.773,0.82812,0.85723,-0.16208,0.86119,0.065612,3.0081,0.72796,0.13505,4.4786,9.8621,2061.8
5079,0,0.51058,633,1.38,1.34,473,123.31,22,11.233,460,125,26,13.275,462,125,0.51508,0.82468,0.05188,0.22151,0.68287,465,126,79.055,40.363,0.34993,1.0788,-0.19173,0.31111,165.52,24.774,4.1264,34.697,0.020019,0.97856,20.717,12.254,3.0255,0.60398,-0.12026,0.73531,0.039036,3.5746,0.54841,0.094388,5.5377,17.072,682.82
5079,0,0.51058,633,1.38,1.34,2774,723.15,48,24.508,348,130,87,44.42,357,130,0.83369,0.90476,0.34649,0.14191,0.41204,366,139,229.87,117.37,0.22419,0.65093,-0.013528,0.15966,621.89,5.2185,5.1674,7.3613,1.0552,0.88809,22.203,14.587,0.5475,0.92765,-0.38448,0.9197,0.07269,2.9294,0.78907,0.14192,3.5478,10.301,2565.6
5079,0,0.51058,633,1.38,1.34,1289,336.03,40,20.423,405,135,47,23.997,400,135,0.52219,0.87784,0.38184,0.15127,0.56865,395,141,161.71,82.565,0.23898,0.89834,0.010231,0.17425,308.04,7.1303,16.682,12.575,2.3701,0.8508,29.455,8.9811,0.70604,0.85423,-0.53047,0.90637,0.1486,2.4196,0.84271,0.26597,3.7818,14.216,1270.8
5079,0,0.51058,633,1.38,1.34,2816,734.1,64,32.677,588,151,64,32.677,584,148,0.040635,0.94504,0.50763,0.12086,0.39626,582,137,266.45,136.04,0.19092,0.626,-0.022285,0.14869,537.64,5.6527,5.6319,7.6607,1.1794,0.79598,18.403,12.718,0.94975,0.86102,-0.2732,0.84564,0.05676,3.1393,0.68723,0.11804,3.0214,9.9064,2218
5079,0,0.51058,633,1.38,1.34,1827,476.28,46,23.487,491,158,48,24.508,488,157,0.24504,0.93571,0.2607,0.18133,0.41417,484,155,175.68,89.7,0.28647,0.65429,-0.012955,0.17684,523.38,4.6858,3.3921,6.0051,0.89127,0.93307,-3.313,16.788,0.62135,0.92862,-0.28326,0.91485,0.053402,3.1052,0.74228,0.094216,4.5334,10.354,2159.1
5079,0,0.51058,633,1.38,1.34,1994,519.81,57,29.103,447,154,57,29.103,454,152,0.11486,0.85595,0.52586,0.21355,0.50769,456,159,229.76,117.31,0.33737,0.80204,-0.02264,0.22088,672.71,9.6133,3.0671,12.248,0.41271,0.74989,-9.4073,17.48,0.90745,0.9013,-0.25401,0.89517,0.057297,3.2035,0.7088,0.14503,5.3389,12.692,2775.2
5079,0,0.51058,633,1.38,1.34,2186,569.87,49,25.018,407,167,78,39.825,407,164,0.77935,0.8879,0.58579,0.12943,0.30636,416,160,255.35,130.37,0.20447,0.48398,-0.022422,0.12986,446.96,4.7548,4.9032,6.6705,0.22643,0.70121,-1.8199,16.362,0.63581,0.92519,-0.26934,0.90968,0.062157,3.0402,0.74888,0.13078,3.2357,7.659,1843.9
5079,0,0.51058,633,1.38,1.34,2499,651.46,39,19.913,263,273,98,50.037,259,271,0.91631,0.96428,0.42316,0.1317,0.35236,253,272,232.4,118.66,0.20806,0.55665,-0.0053094,0.15031,519.94,5.6479,4.9194,7.6608,1.4327,0.88941,5.3213,16.836,1.1344,0.87375,-0.23122,0.84814,0.062101,3.1778,0.68568,0.14011,3.2925,8.809,2145
5079,0,0.51058,633,1.38,1.34,2183,569.08,52,26.55,371,300,53,27.061,370,298,0.18704,0.97744,0.14672,0.12565,0.31758,370,297,178.95,91.369,0.1985,0.5017,-0.0081135,0.14646,433.33,4.8259,3.3464,6.0126,0.77478,0.95173,13.693,20.357,0.98857,0.90737,-0.26714,0.88989,0.053681,3.2228,0.66728,0.14513,3.1413,7.9394,1787.7
5079,0,0.51058,633,1.38,1.34,4103,1069.6,48,24.508,321,476,115,58.716,319,478,0.90615,0.96149,0.44123,0.077976,0.25941,318,468,302.06,154.22,0.12318,0.40982,0.0082466,0.077722,505.43,2.7331,13.676,4.0019,2.5295,0.86551,13.3,8.9415,0.76428,0.84251,-0.30762,0.8344,0.071696,2.9023,0.72655,0.13081,1.9494,6.4854,2085.1
5079,0,0.51058,633,1.38,1.34,2588,674.66,40,20.423,220,485,92,46.973,217,483,0.90265,0.97727,0.42021,0.096815,0.31761,215,486,236.62,120.81,0.15295,0.50175,-0.0026118,0.09983,395.82,3.835,9.8311,5.2048,1.936,0.92198,2.4486,9.0511,1.0372,0.79437,-0.23486,0.80003,0.069729,2.9315,0.65957,0.14935,2.4204,7.9402,1632.9
5079,0,0.51058,633,1.38,1.34,2448,638.17,45,22.976,750,482,70,35.74,751,480,0.76241,0.92619,0.47559,0.083697,0.23083,758,486,241.65,123.38,0.13222,0.36466,-0.0030169,0.086063,323.68,3.1573,5.5586,4.3403,1.586,0.87584,5.9689,13.184,0.91889,0.86969,-0.24892,0.8552,0.052474,3.1551,0.6705,0.092886,2.0924,5.7707,1335.3
5079,0,0.51058,633,1.38,1.34,1928,502.61,43,21.955,701,489,62,31.656,701,490,0.72041,0.94287,0.28714,0.093114,0.24842,705,483,183.01,93.442,0.1471,0.39245,-0.0060455,0.097582,283.61,3.9772,5.0703,5.2773,1.314,0.88873,2.7244,14.073,0.8491,0.8862,-0.25485,0.86794,0.062979,3.0781,0.70586,0.14246,2.3279,6.2105,1170
5079,0,0.51058,633,1.38,1.34,3073,801.1,48,24.508,68,530,90,45.952,65,532,0.84429,0.96282,0.31783,0.10224,0.29977,68,532,237.01,121.01,0.16152,0.47358,-0.0099488,0.11987,496.35,3.3648,15.897,4.8354,2.5129,0.92008,22.505,15.66,0.63677,0.92185,-0.34322,0.90212,0.070495,2.955,0.76303,0.14127,2.5561,7.4943,2047.7
5079,0,0.51058,633,1.38,1.34,2829,737.49,42,21.444,125,573,107,54.632,132,577,0.91724,0.93898,0.48701,0.088338,0.22124,152,581,261.87,133.7,0.13955,0.3495,0.0017981,0.080579,394.8,3.3945,5.5215,4.5676,1.6021,0.83711,0.51193,12.912,0.57741,0.91439,-0.30146,0.90239,0.064804,2.9837,0.75976,0.14174,2.2085,5.5309,1628.7
5079,0,0.51058,633,1.38,1.34,3115,812.05,60,30.635,203,601,88,44.931,198,599,0.73812,0.93722,0.43689,0.075573,0.19531,196,590,263.19,134.38,0.11939,0.30854,0.0055276,0.075133,371.89,2.7958,6.6167,3.8794,1.7813,0.83119,8.3247,14.63,1.1729,0.85155,-0.22188,0.8343,0.05159,3.2544,0.66595,0.10532,1.8893,4.8827,1534.2
5079,0,0.51058,633,1.38,1.34,3237,843.85,45,22.976,823,612,106,54.121,824,613,0.90192,0.89286,0.45678,0.091806,0.25445,833,611,271.6,138.67,0.14503,0.40197,-0.0041041,0.082267,469.47,2.7612,14.727,4.0312,2.6104,0.86891,2.0586,9.9257,0.53573,0.89758,-0.31606,0.89503,0.07544,2.8281,0.77638,0.1491,2.2952,6.3612,1936.8
5079,0,0.51058,633,1.38,1.34,1012,263.82,26,13.275,749,615,51,26.039,748,614,0.85383,0.91244,0.34908,0.086355,0.25485,748,616,137.71,70.313,0.13642,0.4026,-0.010757,0.089553,138.06,4.4555,5.6624,6.3176,1.7853,0.90025,13.542,10.2,1.5363,0.73819,-0.17871,0.77614,0.053432,3.2401,0.59204,0.11844,2.1589,6.3712,569.55
5079,0,0.51058,633,1.38,1.34,2130,555.27,35,17.87,714,654,83,42.378,717,652,0.90572,0.91475,0.41859,0.081372,0.16712,726,639,213.59,109.06,0.12855,0.26401,-4.6671e-005,0.071808,273.81,2.8709,3.6292,3.7824,1.3722,0.91456,-6.705,16.506,1.5479,0.82852,-0.14949,0.81465,0.044129,3.4445,0.62251,0.11031,2.0343,4.178,1129.6
5079,0,0.51058,633,1.38,1.34,5457,1422.6,80,40.846,801,669,87,44.42,804,666,0.38796,0.86996,0.22798,0.11555,0.25574,809,668,297.19,151.74,0.18254,0.40401,0.0021963,0.097752,996.1,2.6945,7.0055,3.6922,1.5478,0.93295,-2.2648,14.58,0.57963,0.92353,-0.27859,0.91269,0.055727,3.0752,0.75432,0.10957,2.8887,6.3934,4109.3
5079,0,0.51058,633,1.38,1.34,2445,637.38,43,21.955,938,682,73,37.272,941,684,0.80201,0.83123,0.20957,0.11918,0.29254,944,681,196.36,100.25,0.18827,0.46215,0.0013559,0.12902,460.33,3.6769,3.545,4.7355,0.91563,0.9436,28.293,19.651,0.70927,0.93033,-0.31065,0.91281,0.052979,3.1651,0.72283,0.12175,2.9794,7.3136,1899
5079,0,0.51058,633,1.38,1.34,1664,433.79,43,21.955,754,690,46,23.487,754,690,0.35522,0.92875,0.092201,0.21343,0.53371,755,691,151.67,77.44,0.33718,0.84315,-0.023206,0.22201,561.07,9.2825,5.1787,11.627,1.2334,0.98359,-9.9267,14.677,1.1955,0.84936,-0.20028,0.84119,0.062865,3.1569,0.65178,0.17775,5.3359,13.343,2314.6
5079,0,0.51058,633,1.38,1.34,2190,570.91,43,21.955,880,689,72,36.762,879,694,0.79849,0.82667,0.32368,0.11137,0.27095,887,695,200.01,102.12,0.17594,0.42804,0.0037398,0.1107,385.32,3.6411,3.6031,4.8029,0.68599,0.88373,17.151,16.78,0.62967,0.92766,-0.31259,0.91516,0.053348,3.1094,0.73409,0.10265,2.7843,6.7737,1589.6
5079,0,0.51058,633,1.38,1.34,2548,664.24,39,19.913,276,705,81,41.357,278,704,0.87494,0.96799,0.32894,0.098268,0.38187,301,696,217.79,111.2,0.15524,0.60327,-0.00098546,0.10319,395.56,3.4902,25.358,5.6394,3.8123,0.93228,9.0171,7.1747,0.46833,0.87745,-0.45843,0.88205,0.13316,2.3987,0.82972,0.22875,2.4567,9.5467,1631.8
5079,0,0.51058,633,1.38,1.34,1225,319.34,36,18.381,698,709,48,24.508,693,713,0.66341,0.93378,0.28245,0.14,0.30376,690,714,145.9,74.492,0.22116,0.47988,-0.033679,0.15033,270.92,6.5616,5.5339,9.0743,1.4303,0.90309,-12.244,18.055,2.1752,0.78496,-0.133,0.79902,0.046284,3.4689,0.60702,0.11399,3.4999,7.5941,1117.7
5079,0,0.51058,633,1.38,1.34,4614,1202.8,77,39.314,854,738,82,41.867,856,736,0.31793,0.8988,0.24727,0.13028,0.30497,843,722,276.52,141.19,0.20581,0.48179,-0.0037008,0.10869,949.61,3.469,8.8004,5.0493,1.7148,0.91976,4.1463,12.041,0.63265,0.90017,-0.28045,0.90626,0.072353,2.9991,0.78741,0.14795,3.2569,7.6243,3917.5
5079,0,0.51058,633,1.38,1.34,3515,916.32,63,32.166,925,738,71,36.251,926,734,0.45731,0.86286,0.53727,0.13836,0.3062,921,732,308.4,157.46,0.21857,0.48373,0.0031818,0.12251,768.28,3.4125,4.3043,4.5096,1.0493,0.83141,-9.6806,15.991,0.48585,0.94103,-0.31658,0.93356,0.062644,2.9817,0.78735,0.11754,3.4589,7.655,3169.5
5079,0,0.51058,633,1.38,1.34,2481,646.77,55,28.082,976,740,59,30.124,976,736,0.36072,0.90243,0.32996,0.13594,0.32155,973,736,215.06,109.8,0.21475,0.50797,0.0036381,0.14379,532.8,4.2938,3.564,5.5958,0.4294,0.89318,6.7848,20.438,0.64264,0.93903,-0.31035,0.91958,0.061968,3.086,0.74462,0.16176,3.3984,8.0387,2198
5079,0,0.51058,633,1.38,1.34,1283,334.46,38,19.402,678,742,41,20.934,676,742,0.36193,0.95988,0.16875,0.13426,0.32969,676,740,138.49,70.711,0.2121,0.52084,-0.0018664,0.15226,272.12,5.4731,3.7851,6.9652,1.2199,0.94633,6.6203,19.762,1.3098,0.87568,-0.22942,0.86872,0.046671,3.3492,0.61841,0.12827,3.3564,8.2423,1122.6
5079,0,0.51058,633,1.38,1.34,2408,627.74,41,20.934,202,736,81,41.357,200,742,0.86205,0.89704,0.32567,0.17873,0.42373,203,744,211.09,107.78,0.28236,0.6694,0.0028578,0.18835,679.93,6.7728,2.7474,8.1099,0.11998,0.91019,8.3401,18.004,1.5099,0.84524,-0.202,0.84784,0.037179,3.4527,0.60544,0.079446,4.4684,10.593,2805
5079,0,0.51058,633,1.38,1.34,2306,601.15,42,21.444,72,770,76,38.804,76,768,0.83005,0.89639,0.30694,0.12852,0.3956,83,758,202.92,103.61,0.20303,0.62496,-0.0027918,0.13281,468.19,5.4371,9.6105,8.0329,1.4845,0.93361,6.9753,11.082,0.66636,0.88656,-0.35797,0.89287,0.083348,2.8251,0.78943,0.16797,3.2129,9.8899,1931.5
5079,0,0.51058,633,1.38,1.34,2911,758.87,58,29.613,229,772,82,41.867,230,770,0.70953,0.90409,0.49442,0.096991,0.24459,230,766,266.59,136.11,0.15322,0.38639,-0.0057488,0.10135,446.04,3.8063,6.4427,5.3931,0.29607,0.74201,24.111,16.39,0.90084,0.8958,-0.24918,0.87498,0.067614,3.1315,0.70679,0.19567,2.4248,6.1147,1840.1
5079,0,0.51058,633,1.38,1.34,1827,476.28,36,18.381,152,767,75,38.293,154,768,0.87332,0.787,0.36092,0.1695,0.36994,159,763,188.56,96.277,0.26778,0.58443,-0.0054765,0.15238,489.23,6.6284,5.6836,9.0397,1.4214,0.90807,-15.329,15.771,0.85035,0.89768,-0.22463,0.88362,0.05532,3.1827,0.71886,0.13498,4.2376,9.2486,2018.3
5079,0,0.51058,633,1.38,1.34,2413,629.04,53,27.061,111,783,84,42.888,120,790,0.77368,0.83348,0.5142,0.21915,0.48386,116,790,247.86,126.55,0.3462,0.76439,0.0088318,0.19695,835.39,8.3162,4.5955,10.907,1.0082,0.73937,-3.1799,16.734,0.77484,0.91149,-0.2608,0.90285,0.065393,3.1169,0.75587,0.15936,5.4787,12.096,3446.3
5079,0,0.51058,633,1.38,1.34,1033,269.29,29,14.807,161,805,51,26.039,162,804,0.82092,0.83983,0.28544,0.25359,0.55145,162,801,134.51,68.676,0.40062,0.87117,-0.097441,0.22201,413.84,11.682,6.5563,15.826,0.20887,0.90571,4.0724,11.619,1.5765,0.76105,-0.15229,0.83117,0.051472,3.2887,0.68893,0.12626,6.3398,13.786,1707.3
5079,0,0.51058,633,1.38,1.34,3020,787.28,45,22.976,82,823,101,51.568,89,824,0.89507,0.89949,0.50274,0.11457,0.27105,91,823,276.05,140.95,0.18099,0.4282,0.0064893,0.11994,546.59,3.9808,4.4366,5.1951,1.1818,0.84348,17.506,20.264,0.669,0.93608,-0.3173,0.91948,0.060853,3.1242,0.75605,0.16183,2.8642,6.7762,2254.9
5079,0,0.51058,633,1.38,1.34,3563,928.83,67,34.209,201,828,82,41.867,191,826,0.57695,0.90277,0.44659,0.15829,0.41192,190,821,283.57,144.79,0.25007,0.65075,-0.0055937,0.16467,891,4.7932,11.179,6.9188,1.891,0.83757,-4.643,15.532,0.71121,0.91243,-0.29673,0.89562,0.086335,2.8763,0.76958,0.17279,3.9574,10.298,3675.7
5080,0,0.51058,633,1.38,1.34,1856,483.84,45,22.976,896,171,53,27.061,894,169,0.54415,0.95308,0.20358,0.078353,0.1746,888,164,170.4,87.002,0.12378,0.27583,-0.0027666,0.060487,229.74,4.6633,3.0053,5.8345,1.137,0.92882,5.1796,10.282,1.231,0.78615,-0.1449,0.7863,0.044549,3.3,0.62705,0.072481,1.9588,4.3651,947.76
5080,0,0.51058,633,1.38,1.34,1599,416.84,40,20.423,994,171,49,25.018,994,171,0.57921,0.91698,0.17226,0.099216,0.20135,1006,173,154.82,79.049,0.15674,0.31809,0.011139,0.064294,250.63,5.818,4.7161,7.7927,1.2221,0.96778,-6.4314,9.1288,1.4551,0.72503,-0.1141,0.73838,0.044798,3.3636,0.60973,0.087731,2.4804,5.0338,1033.9
5080,0,0.51058,633,1.38,1.34,2556,666.32,53,27.061,878,220,72,36.762,882,224,0.67128,0.96497,0.51107,0.075156,0.17006,885,224,254.66,130.03,0.11873,0.26867,-0.008068,0.063497,303.47,3.8502,2.8751,4.788,1.1425,0.84924,12.497,12.353,1.0948,0.83718,-0.17137,0.82833,0.046126,3.2818,0.65811,0.083043,1.8789,4.2516,1252
5080,0,0.51058,633,1.38,1.34,1918,500,50,25.529,545,247,53,27.061,546,247,0.29864,0.94325,0.26164,0.10432,0.30928,549,255,179.94,91.874,0.1648,0.4886,0.0040148,0.104,316.08,4.6069,5.3954,6.314,1.4458,0.90852,20.83,11.124,0.91513,0.84797,-0.25922,0.83721,0.053748,3.1354,0.6713,0.1045,2.6079,7.7321,1303.9
5080,0,0.51058,633,1.38,1.34,2998,781.54,60,30.635,591,265,75,38.293,597,264,0.59898,0.92087,0.52811,0.14998,0.34695,601,255,281.72,143.84,0.23693,0.5481,-0.055445,0.15322,710.31,7.3679,7.0063,10.694,0.75176,0.8259,1.5677,15.62,0.78381,0.90444,-0.21889,0.88868,0.065866,3.0748,0.73793,0.15713,3.7494,8.6737,2930.3
5080,0,0.51058,633,1.38,1.34,2843,741.14,75,38.293,384,266,84,42.888,398,276,0.44102,0.98308,0.64813,0.11866,0.32815,392,277,315.76,161.22,0.18746,0.5184,-0.0030587,0.1299,532.95,5.471,5.0467,7.4254,1.4878,0.67197,21.76,15.207,0.85464,0.89358,-0.28133,0.87869,0.055056,3.1802,0.71586,0.10222,2.9665,8.2037,2198.6
5080,0,0.51058,633,1.38,1.34,1050,273.72,32,16.338,568,284,39,19.913,569,284,0.54737,0.92423,0.1534,0.15544,0.34728,577,285,124.07,63.347,0.24557,0.54862,-0.03243,0.15963,257.84,9.0067,2.9952,11.622,0.40349,0.92733,-1.6738,17.438,1.1158,0.87972,-0.19778,0.86802,0.040175,3.3938,0.64102,0.090329,3.8861,8.6819,1063.7
5080,0,0.51058,633,1.38,1.34,2533,660.32,51,26.039,82,407,59,30.124,84,406,0.50162,0.97835,0.19108,0.11958,0.31266,90,401,197.37,100.77,0.18891,0.49394,0.021043,0.12474,478.51,4.1374,3.4998,5.3178,1.3652,0.92184,29.608,16.845,0.74594,0.91519,-0.32425,0.89793,0.060421,3.1313,0.72284,0.1661,2.9895,7.8166,1974
5080,0,0.51058,633,1.38,1.34,3520,917.62,62,31.656,837,510,70,35.74,835,509,0.4607,0.98824,0.13007,0.10463,0.30656,839,503,224.88,114.82,0.16528,0.48429,0.019926,0.10969,581.8,3.156,5.5093,4.3214,1.7203,0.96129,33.813,13.811,0.54026,0.92471,-0.40405,0.907,0.075414,2.8914,0.75722,0.1735,2.6156,7.664,2400.2
5080,0,0.51058,633,1.38,1.34,2624,684.05,44,22.465,61,568,80,40.846,62,569,0.83769,0.95265,0.3046,0.1096,0.23138,63,568,216.65,110.61,0.17314,0.36553,-0.0065056,0.0958,454.33,4.4466,3.6683,5.7164,1.0904,0.8882,10.768,15.524,0.85884,0.89515,-0.20988,0.88035,0.049224,3.2133,0.68039,0.10012,2.74,5.7845,1874.3
5080,0,0.51058,633,1.38,1.34,2627,684.83,56,28.592,65,609,69,35.23,64,614,0.57227,0.9245,0.26524,0.10446,0.24185,74,615,212.19,108.34,0.16502,0.38208,0.00054071,0.077558,433.5,4.5246,5.4456,5.9755,1.1654,0.91276,-0.76683,9.6706,0.76052,0.85418,-0.20883,0.85218,0.062971,3.0313,0.72953,0.11892,2.6114,6.0464,1788.4
5080,0,0.51058,633,1.38,1.34,9627,2509.7,113,57.695,188,611,118,60.248,184,616,0.28517,0.96425,0.28427,0.10273,0.2386,169,625,410.36,209.52,0.1623,0.37693,0.01924,0.074142,1562.4,3.1508,3.8345,4.105,0.93458,0.90786,-1.1922,10.607,0.44909,0.91876,-0.32202,0.91265,0.071911,2.8313,0.79394,0.11744,2.5684,5.965,6445.7
5080,0,0.51058,633,1.38,1.34,3433,894.94,48,24.508,113,628,111,56.674,117,628,0.90285,0.93491,0.42188,0.10079,0.19234,113,621,272.28,139.02,0.15923,0.30386,0.014127,0.062707,546.64,3.6507,5.2416,4.9694,1.2199,0.88469,-11.86,10.675,0.89604,0.84512,-0.16763,0.84081,0.05971,3.1437,0.70891,0.13661,2.5198,4.8086,2255.1
5080,0,0.51058,633,1.38,1.34,1772,461.94,43,21.955,411,627,49,25.018,410,626,0.45418,0.97827,0.059883,0.13483,0.31231,416,623,154.12,78.691,0.213,0.49339,0.0060279,0.12082,377.44,4.7291,3.0292,5.9339,1.3731,0.99379,11.688,14.029,0.85863,0.88465,-0.24747,0.88658,0.043945,3.2417,0.65587,0.070991,3.3708,7.8078,1557.1
5080,0,0.51058,633,1.38,1.34,1749,455.94,31,15.828,371,655,82,41.867,367,654,0.92653,0.91459,0.41066,0.11028,0.21067,355,648,191.26,97.655,0.17421,0.33281,0.01375,0.066145,304.7,4.7244,5.1081,6.3307,1.6478,0.91618,-15.693,9.078,1.1113,0.78187,-0.12819,0.78302,0.064043,3.1586,0.67218,0.14843,2.7569,5.2668,1257
5080,0,0.51058,633,1.38,1.34,2229,581.08,40,20.423,329,654,93,47.484,325,657,0.90213,0.94332,0.46691,0.10927,0.20571,322,657,228.04,116.43,0.17263,0.32498,0.0043519,0.070581,384.78,4.4823,4.1511,6.063,1.5262,0.85788,-8.8725,11.016,0.87488,0.85285,-0.16772,0.85028,0.052736,3.2039,0.70336,0.11063,2.7318,5.1428,1587.4
5080,0,0.51058,633,1.38,1.34,3078,802.4,54,27.571,374,703,74,37.783,374,704,0.67921,0.96543,0.22906,0.14928,0.32782,373,709,223.19,113.96,0.23584,0.51789,6.7725e-005,0.12593,725.9,4.153,3.4383,5.3446,1.2388,0.93502,9.0625,13.891,0.60111,0.91704,-0.27222,0.91401,0.052187,3.0914,0.73102,0.086219,3.7321,8.1956,2994.6
5080,0,0.51058,633,1.38,1.34,1924,501.57,31,15.828,447,717,88,44.931,451,719,0.93441,0.97085,0.46861,0.10082,0.20104,455,719,211.71,108.09,0.15927,0.3176,-0.01543,0.084173,306.44,5.8436,3.7973,7.6017,1.5095,0.89333,-1.6534,14.681,1.0229,0.86973,-0.16596,0.85199,0.046958,3.271,0.66594,0.098772,2.5204,5.026,1264.2
5080,0,0.51058,633,1.38,1.34,2223,579.51,34,17.36,201,707,98,50.037,198,713,0.93696,0.98278,0.46817,0.09067,0.17902,194,715,228.16,116.49,0.14324,0.28282,0.012644,0.067926,318.42,4.1817,3.6963,5.3289,1.5923,0.88477,3.489,13.786,1.224,0.83692,-0.17167,0.84277,0.04009,3.3967,0.64728,0.081041,2.2667,4.4756,1313.6
5080,0,0.51058,633,1.38,1.34,2953,769.81,55,28.082,84,787,89,45.441,87,790,0.7896,0.95132,0.44303,0.091733,0.27949,97,777,256.6,131.01,0.14492,0.44154,-0.125,0.067622,427.94,4.4473,25.267,6.8907,2.7789,0.77638,-0.071847,3.1028,0.48874,0.72784,-0.14628,0.79216,0.15043,2.1626,0.82139,0.25672,2.2933,6.9873,1765.4
5080,0,0.51058,633,1.38,1.34,1363,355.32,35,17.87,618,911,62,31.656,617,913,0.82951,0.95003,0.38617,0.1476,0.26567,612,916,166,84.755,0.23317,0.4197,-0.0015481,0.10221,317.81,5.8026,3.7242,7.3699,0.61298,0.85186,-26.194,12.053,1.5069,0.77775,-0.10797,0.77343,0.056863,3.2876,0.62173,0.13894,3.6899,6.6417,1311.1
5080,0,0.51058,633,1.38,1.34,1762,459.33,46,23.487,680,935,54,27.571,674,931,0.52378,0.9766,0.26152,0.12225,0.27912,668,928,172.68,88.167,0.19313,0.44094,0.011167,0.11735,340.29,5.3791,2.9175,6.7259,1.0275,0.94856,4.9087,18.509,0.72727,0.92438,-0.28714,0.90905,0.05281,3.1502,0.71197,0.1175,3.0563,6.9779,1403.8
5080,0,0.51058,633,1.38,1.34,2418,630.35,40,20.423,629,953,82,41.867,629,952,0.87154,0.94737,0.3458,0.11808,0.29676,642,934,214.96,109.75,0.18655,0.46882,0.010555,0.091408,451.07,4.1563,8.2094,5.904,1.5739,0.92163,2.5101,9.3497,0.67949,0.8645,-0.2659,0.87295,0.068222,2.9613,0.73773,0.13507,2.9521,7.419,1860.9
5080,0,0.51058,633,1.38,1.34,1560,406.67,28,14.296,593,946,78,39.825,593,946,0.93006,0.93485,0.41323,0.16603,0.38497,598,935,181.84,92.842,0.2623,0.60817,-0.087942,0.14513,409.18,9.7455,7.1036,13.002,0.60938,0.91155,-9.9985,8.7898,1.4609,0.71496,-0.10127,0.73199,0.057018,3.2077,0.61568,0.15188,4.1509,9.6243,1688.1
5080,0,0.51058,633,1.38,1.34,1730,450.99,44,22.465,558,961,52,26.55,560,965,0.54106,0.95251,0.30751,0.13307,0.23772,566,959,175.76,89.741,0.21022,0.37554,0.0016133,0.08737,363.68,4.9243,3.6754,6.3311,0.9719,0.89189,-21.56,11.195,1.2553,0.79836,-0.12447,0.80461,0.055419,3.2521,0.63274,0.13529,3.3267,5.943,1500.3
5081,0,0.51058,633,1.38,1.34,3223,840.2,43,21.955,522,274,102,52.079,517,272,0.90394,0.95407,0.36843,0.10187,0.27534,515,266,252.24,128.79,0.16093,0.43498,-0.060747,0.11611,518.68,7.036,8.006,10.331,0.87982,0.93779,16.458,13.531,0.74078,0.89619,-0.23545,0.88239,0.080458,2.9115,0.76199,0.18149,2.5467,6.8835,2139.8
5081,0,0.51058,633,1.38,1.34,11548,3010.4,118,60.248,124,351,133,67.907,123,346,0.45437,0.93056,0.42448,0.075784,0.22127,120,358,501.77,256.19,0.11972,0.34956,0.00014141,0.076667,1382.5,3.5905,3.7542,4.621,0.84087,0.90602,21.978,12.245,0.4423,0.93028,-0.40107,0.918,0.07444,2.8231,0.79216,0.14812,1.8946,5.5318,5703.5
5081,0,0.51058,633,1.38,1.34,3809,992.96,63,32.166,217,350,79,40.336,218,354,0.59467,0.89829,0.31261,0.080084,0.18962,237,368,263.08,134.32,0.12651,0.29956,0.00010158,0.0672,481.9,3.8913,3.4511,5.0605,0.97948,0.89538,14.866,12.32,0.55131,0.91434,-0.2891,0.90575,0.064915,2.9887,0.75982,0.12856,2.0021,4.7406,1988
5081,0,0.51058,633,1.38,1.34,2724,710.12,38,19.402,283,386,93,47.484,281,385,0.90948,0.94794,0.47739,0.089098,0.20727,270,379,255.18,130.29,0.14075,0.32745,0.00055988,0.093604,383.42,5.5272,3.9538,7.2586,1.305,0.81541,34.01,20.462,0.59406,0.94357,-0.31229,0.92317,0.061508,3.0644,0.75553,0.15409,2.2274,5.1818,1581.7
5081,0,0.51058,633,1.38,1.34,2836,739.31,50,25.529,201,409,74,37.783,204,412,0.73137,0.92823,0.19609,0.084528,0.17645,209,416,209.65,107.04,0.13354,0.27876,0.002442,0.07634,378.71,3.9083,2.9065,4.9213,1.1917,0.94978,-0.3527,18.155,0.76909,0.91872,-0.24455,0.90389,0.050806,3.2002,0.70573,0.12612,2.1132,4.4113,1562.3
5081,0,0.51058,633,1.38,1.34,2622,683.53,34,17.36,375,422,104,53.1,375,422,0.94505,0.97803,0.39928,0.13032,0.35498,363,421,234.09,119.52,0.20588,0.5608,-0.0013755,0.15431,539.82,9.6484,5.9472,13.18,1.408,0.96366,41.192,19.004,0.46197,0.95254,-0.40672,0.93502,0.07832,2.9073,0.80199,0.17603,3.2581,8.8746,2227
5081,0,0.51058,633,1.38,1.34,2460,641.29,60,30.635,579,471,67,34.209,570,469,0.4524,0.97874,0.4249,0.14963,0.37403,575,470,231.31,118.1,0.23638,0.59089,-0.0016835,0.17206,581.51,8.5276,4.1829,11.397,1.3073,0.8709,9.4796,19.784,1.0257,0.90142,-0.25198,0.88254,0.055322,3.209,0.69221,0.12545,3.7408,9.3509,2398.9
5081,0,0.51058,633,1.38,1.34,3873,1009.6,70,35.74,797,524,74,37.783,797,519,0.33685,0.92318,0.24335,0.13986,0.28208,800,509,252.61,128.98,0.22094,0.44563,-0.0048702,0.12209,855.71,7.6708,8.0447,10.629,0.57091,0.91335,-15.601,17.591,0.9448,0.89805,-0.21249,0.88744,0.042732,3.3141,0.68772,0.074705,3.4964,7.0521,3530.1
5081,0,0.51058,633,1.38,1.34,1326,345.67,37,18.891,750,520,46,23.487,748,521,0.59416,0.93252,0.2782,0.12574,0.308,751,509,150.84,77.016,0.19865,0.48657,0.0016109,0.10345,263.4,7.0762,12.708,10.6,2.2064,0.89632,-5.6354,11.527,0.64328,0.89428,-0.29346,0.90167,0.068887,2.9412,0.77055,0.11834,3.1436,7.7,1086.6
5081,0,0.51058,633,1.38,1.34,2132,555.79,43,21.955,711,519,58,29.613,712,519,0.65672,0.95119,0.13522,0.094667,0.19483,714,523,175.13,89.415,0.14955,0.30778,-0.0016102,0.082862,318.85,5.1365,3.9603,6.7185,1.0541,0.96113,-3.9219,16.864,0.94379,0.894,-0.20471,0.87652,0.049208,3.2757,0.68501,0.12468,2.3667,4.8706,1315.4
5081,0,0.51058,633,1.38,1.34,2616,681.96,40,20.423,145,527,93,47.484,147,524,0.90013,0.97618,0.32701,0.079748,0.21237,165,524,219.91,112.28,0.12598,0.33549,0.0027921,0.071057,329.57,4.3555,7.4728,6.0856,1.9651,0.96035,6.4861,11.078,0.57407,0.90146,-0.31298,0.89457,0.066524,2.9321,0.75692,0.1248,1.9937,5.3092,1359.6
5081,0,0.51058,633,1.38,1.34,1848,481.75,46,23.487,842,561,46,23.487,841,561,0,0.96408,0.16629,0.11409,0.27619,843,564,166.25,84.882,0.18023,0.43632,-0.0087245,0.10518,333.06,5.6001,3.7471,7.2743,1.1692,0.9423,-2.5219,13.123,0.79068,0.88634,-0.24583,0.88305,0.049801,3.1363,0.67188,0.092571,2.8521,6.9047,1374
5081,0,0.51058,633,1.38,1.34,2951,769.29,63,32.166,88,692,78,39.825,96,698,0.59766,0.97084,0.41062,0.067783,0.15632,100,694,249.81,127.55,0.10708,0.24695,0.0044805,0.065114,316,3.5896,3.4205,4.5876,1.292,0.86359,21.248,17.259,0.97686,0.89287,-0.2323,0.87262,0.049373,3.2549,0.65567,0.12046,1.6946,3.908,1303.6
5081,0,0.51058,633,1.38,1.34,4984,1299.3,77,39.314,883,702,82,41.867,883,703,0.35808,0.91861,0.35003,0.075978,0.23854,878,705,310.38,158.47,0.12003,0.37685,-0.012557,0.082649,598.22,5.2215,3.0829,6.6329,0.66632,0.89791,37.515,11.326,0.59389,0.90035,-0.30657,0.87125,0.09367,2.8306,0.75689,0.23157,1.8994,5.9636,2467.9
5082,0,0.51058,633,1.38,1.34,4110,1071.4,57,29.103,104,186,117,59.737,112,188,0.87027,0.96079,0.44771,0.070634,0.16673,112,182,303.59,155.01,0.11159,0.2634,0.00467,0.057506,458.62,3.8051,5.238,5.0992,1.3929,0.84689,1.9206,11.097,1.0808,0.8225,-0.18588,0.82006,0.047266,3.2663,0.65128,0.097219,1.7658,4.1683,1892
5082,0,0.51058,633,1.38,1.34,2935,765.12,54,27.571,160,259,79,40.336,157,258,0.72899,0.96675,0.34386,0.086998,0.2361,167,264,236.49,120.75,0.13744,0.37298,0.0079446,0.096388,403.38,4.6627,3.7792,6.0313,1.2585,0.8521,26.479,17.336,0.83098,0.90852,-0.30559,0.88696,0.062492,3.1276,0.70871,0.17349,2.1749,5.9024,1664.1
5082,0,0.51058,633,1.38,1.34,2265,590.46,48,24.508,915,431,82,41.867,914,425,0.80889,0.95968,0.53087,0.12138,0.3565,923,430,245.77,125.48,0.19175,0.56319,-0.078691,0.14126,434.3,9.8071,4.9061,13.223,0.93943,0.78215,7.5027,11.472,0.53295,0.91121,-0.27063,0.89907,0.084549,2.8397,0.78028,0.20058,3.0344,8.9124,1791.7
5082,0,0.51058,633,1.38,1.34,2822,735.66,41,20.934,575,541,107,54.632,574,541,0.92066,0.943,0.62425,0.1147,0.35968,575,540,305.67,156.07,0.1812,0.56822,-0.034468,0.14173,511.34,8.4369,5.8652,11.773,1.4512,0.76677,14.127,13.897,0.5606,0.92245,-0.34433,0.90795,0.068997,2.9379,0.76633,0.14275,2.8674,8.9921,2109.5
5082,0,0.51058,633,1.38,1.34,2768,721.59,61,31.145,696,554,75,38.293,688,556,0.58034,0.94331,0.42534,0.08427,0.21732,693,546,244.8,124.99,0.13313,0.34332,-0.020989,0.084389,368.5,6.3176,5.1236,8.7469,1.3621,0.84302,5.3727,12.458,0.88889,0.8668,-0.21048,0.85207,0.059732,3.1413,0.68605,0.15366,2.1067,5.433,1520.2
5082,0,0.51058,633,1.38,1.34,2365,616.53,51,26.039,549,575,60,30.635,547,579,0.51448,0.93343,0.27825,0.081372,0.22344,549,588,201.89,103.08,0.12855,0.35299,-0.0032027,0.080195,304.02,5.2051,4.7268,6.8062,1.3116,0.89508,6.7438,11.911,0.86311,0.86487,-0.24923,0.85505,0.057452,3.1112,0.69633,0.12494,2.0343,5.5861,1254.2
5082,0,0.51058,633,1.38,1.34,2742,714.81,51,26.039,561,671,82,41.867,556,673,0.78592,0.95125,0.43361,0.11306,0.29562,565,661,245.9,125.55,0.17861,0.46701,-0.017959,0.10769,489.76,7.4037,7.147,10.413,1.6089,0.801,-2.3829,10.468,1.2598,0.78514,-0.16256,0.78692,0.05003,3.241,0.63117,0.09759,2.8266,7.3905,2020.5
5082,0,0.51058,633,1.38,1.34,2584,673.62,59,30.124,969,669,64,32.677,965,667,0.38153,0.94868,0.44524,0.096457,0.22507,963,661,240.11,122.59,0.15238,0.35556,-0.016605,0.096665,393.75,5.1033,4.4425,6.5974,1.2296,0.81345,8.3695,16.227,0.88932,0.89609,-0.22373,0.88004,0.054225,3.2069,0.69011,0.13889,2.4114,5.6267,1624.4
5082,0,0.51058,633,1.38,1.34,3695,963.25,90,45.952,492,718,99,50.547,503,711,0.4179,0.95657,0.69616,0.094356,0.2269,506,709,388.11,198.16,0.14906,0.35845,-0.0036605,0.088965,550.78,5.5678,3.4667,7.033,1.1425,0.60416,-7.4991,13.631,0.98462,0.86526,-0.20914,0.85361,0.052668,3.1967,0.67814,0.13782,2.3589,5.6725,2272.2
5082,0,0.51058,633,1.38,1.34,2362,615.75,48,24.508,766,719,64,32.677,764,718,0.65457,0.96583,0.26998,0.086583,0.28268,762,716,200.74,102.49,0.13678,0.44658,-0.010186,0.11409,323.08,5.8734,3.6255,7.4005,1.1658,0.91243,37.887,16.223,0.76916,0.90947,-0.33517,0.87916,0.072244,2.9849,0.70185,0.16805,2.1646,7.0671,1332.8
5082,0,0.51058,633,1.38,1.34,3791,988.27,51,26.039,495,903,88,44.931,495,904,0.81242,0.93139,0.21399,0.10624,0.25736,498,914,244.82,125,0.16784,0.40658,0.0037576,0.11322,636.28,4.9852,5.6858,6.9254,1.2621,0.94625,13.071,19.279,0.91154,0.90971,-0.26208,0.88624,0.05205,3.2203,0.6827,0.11681,2.656,6.4341,2624.9
5082,0,0.51058,633,1.38,1.34,2937,765.64,43,21.955,949,911,100,51.058,952,915,0.9045,0.95444,0.36116,0.078194,0.17917,961,917,240.58,122.83,0.12353,0.28305,0.0024637,0.07515,362.8,4.4249,3.1718,5.6305,1.121,0.93297,14.922,17.323,0.94241,0.89681,-0.23495,0.87594,0.050618,3.2745,0.68907,0.13582,1.9548,4.4793,1496.7
5082,0,0.51058,633,1.38,1.34,2543,662.93,47,23.997,926,960,68,34.719,928,961,0.71392,0.95455,0.1663,0.086461,0.2211,938,946,194.89,99.508,0.13659,0.34929,0.00052752,0.084003,347.35,4.8014,4.7632,6.4707,1.4349,0.96216,12.151,13.679,1.0136,0.86202,-0.22925,0.85171,0.046273,3.2578,0.65488,0.084861,2.1615,5.5276,1432.9
5082,0,0.51058,633,1.38,1.34,4405,1148.3,65,33.188,522,965,100,51.058,523,959,0.75565,0.92786,0.4299,0.08632,0.20136,516,959,311.11,158.85,0.13637,0.3181,-0.0043207,0.088824,600.69,4.6808,6.5942,6.5151,1.232,0.87739,7.8788,18.274,0.93626,0.90252,-0.23106,0.87834,0.054545,3.2279,0.68706,0.13582,2.158,5.034,2478.1
5083,0,0.51058,633,1.38,1.34,2615,681.7,71,36.251,557,82,76,38.804,570,86,0.3619,0.93536,0.54687,0.081036,0.21686,574,75,267.84,136.76,0.12802,0.3426,-0.019885,0.07417,334.77,4.1774,4.6048,5.5235,1.3205,0.72963,6.4042,9.3876,1.29,0.75836,-0.14485,0.75973,0.051513,3.2445,0.65221,0.11064,2.0259,5.4216,1381.1
5083,0,0.51058,633,1.38,1.34,1944,506.78,41,20.934,756,587,52,26.55,756,589,0.61508,0.96711,0.16532,0.13514,0.32942,760,588,171.71,87.67,0.2135,0.52041,0.010935,0.12532,415.04,4.0057,4.6167,5.4187,1.3035,0.97006,13.241,13.987,0.93598,0.87456,-0.2483,0.86937,0.047355,3.2496,0.66216,0.092715,3.3786,8.2355,1712.2
5083,0,0.51058,633,1.38,1.34,2885,752.09,59,30.124,819,621,76,38.804,820,621,0.61897,0.916,0.40317,0.089236,0.19309,826,610,244.79,124.98,0.14097,0.30503,-0.031747,0.069294,406.71,3.4815,4.4511,4.5208,1.2891,0.85026,-2.4808,9.2201,1.0858,0.78928,-0.12889,0.79025,0.05299,3.1458,0.65839,0.10851,2.2309,4.8272,1677.8
5083,0,0.51058,633,1.38,1.34,1987,517.99,38,19.402,761,625,66,33.698,760,624,0.8136,0.94257,0.25075,0.11508,0.25331,758,625,181.1,92.467,0.1818,0.40017,0.0096633,0.10921,361.24,3.1948,3.3422,4.0886,1.2449,0.92813,4.703,18.771,0.86588,0.91181,-0.25349,0.8956,0.044401,3.2721,0.67586,0.074571,2.877,6.3327,1490.2
5083,0,0.51058,633,1.38,1.34,3477,906.41,46,23.487,862,652,136,69.438,847,663,0.93943,0.93678,0.60624,0.080176,0.16461,829,671,331.42,169.21,0.12666,0.26005,-0.0032156,0.059165,440.4,3.3877,3.1366,4.2737,1.1194,0.74313,-5.302,11.212,0.94716,0.8442,-0.17023,0.84158,0.048661,3.2315,0.67315,0.089401,2.0044,4.1153,1816.8
5083,0,0.51058,633,1.38,1.34,2835,739.05,45,22.976,948,664,79,40.336,950,665,0.81512,0.96549,0.21252,0.081848,0.18401,947,674,212.35,108.42,0.1293,0.2907,0.009508,0.061678,366.57,2.7848,5.3158,3.7746,1.569,0.95551,-2.581,10.078,1.3239,0.76778,-0.14506,0.77102,0.047374,3.3006,0.61932,0.11184,2.0462,4.6003,1512.2
5083,0,0.51058,633,1.38,1.34,2188,570.39,52,26.55,682,690,52,26.55,683,688,0,0.9815,0.066334,0.19815,0.41493,683,685,171.2,87.41,0.31303,0.6555,-0.085172,0.19791,684.9,6.3624,4.0226,8.31,1.0424,0.98241,-8.9247,15.843,1.05,0.87569,-0.16847,0.86291,0.050982,3.1993,0.64394,0.11931,4.9536,10.373,2825.5
5084,0,0.51058,633,1.38,1.34,3803,991.4,69,35.23,609,239,101,51.568,618,241,0.73307,0.86461,0.63025,0.068796,0.37094,623,237,358.33,182.96,0.10868,0.58601,-0.10262,0.066915,413.32,7.5156,13.264,10.761,1.4479,0.69717,2.4025,2.2694,0.61211,0.57515,-0.117,0.61309,0.16104,2.1887,0.77597,0.30881,1.7199,9.2736,1705.1
5084,0,0.51058,633,1.38,1.34,2564,668.41,46,23.487,617,300,81,41.357,617,300,0.82445,0.91254,0.35413,0.099587,0.24397,625,304,222.33,113.52,0.15733,0.38542,-0.047797,0.087243,403.38,6.4177,4.4196,8.4084,1.0179,0.90542,8.4855,9.5831,0.83945,0.83892,-0.17361,0.83308,0.060668,3.0567,0.70965,0.12427,2.4897,6.0993,1664.1
5084,0,0.51058,633,1.38,1.34,3198,833.68,47,23.997,703,314,114,58.206,695,318,0.91006,0.92777,0.70382,0.08532,0.23288,677,322,365.75,186.74,0.13479,0.36789,-0.060626,0.085354,431.05,6.7083,3.698,8.6129,0.85133,0.6784,10.163,9.4234,0.93849,0.81886,-0.1639,0.81284,0.060345,3.0765,0.68025,0.13994,2.133,5.8219,1778.2
5084,0,0.51058,633,1.38,1.34,4362,1137.1,61,31.145,563,344,100,51.058,563,349,0.79422,0.95192,0.37898,0.10116,0.25522,567,348,296.77,151.52,0.15981,0.40318,-0.0094919,0.092551,697.08,5.0885,3.5749,6.5118,0.96543,0.86692,23.424,11.824,0.9307,0.85406,-0.20953,0.84238,0.052588,3.1947,0.67434,0.116,2.529,6.3804,2875.8
5084,0,0.51058,633,1.38,1.34,4745,1237,64,32.677,891,404,117,59.737,893,402,0.83944,0.9016,0.69588,0.067517,0.19467,890,404,443.55,226.47,0.10666,0.30754,-0.026616,0.062421,506.11,5.883,3.5177,7.5291,0.79277,0.77769,11.999,8.0111,1.3198,0.71711,-0.12965,0.72225,0.054859,3.1829,0.61612,0.10636,1.6879,4.8668,2087.9
5084,0,0.51058,633,1.38,1.34,1989,518.51,37,18.891,900,509,80,40.846,902,508,0.88337,0.94795,0.50051,0.097388,0.27118,897,508,222.96,113.84,0.15385,0.42841,-0.054222,0.10408,306.01,7.0513,3.5256,9.0434,0.81564,0.87226,14.788,11.101,1.1584,0.81101,-0.16633,0.80664,0.051558,3.2233,0.6462,0.10997,2.4347,6.7796,1262.4
5084,0,0.51058,633,1.38,1.34,2616,681.96,44,22.465,159,594,76,38.804,160,592,0.81276,0.99011,0.29182,0.13119,0.31527,162,591,214.58,109.56,0.20725,0.49805,-0.010542,0.1419,542.15,5.2985,2.7027,6.6182,0.87544,0.91014,27.293,18.906,0.77124,0.92161,-0.27442,0.90635,0.048168,3.2082,0.69146,0.1177,3.2797,7.8816,2236.6
5084,0,0.51058,633,1.38,1.34,3021,787.54,64,32.677,410,601,78,39.825,403,598,0.55694,0.96551,0.44361,0.064294,0.14507,400,594,259.97,132.74,0.10157,0.22918,0.0074041,0.042814,306.85,3.6528,2.9885,4.558,1.2585,0.78416,3.7356,8.1519,0.97655,0.78604,-0.16036,0.79144,0.054497,3.1099,0.66367,0.1039,1.6074,3.6267,1265.9
5084,0,0.51058,633,1.38,1.34,2951,769.29,43,21.955,681,599,95,48.505,684,600,0.88928,0.97896,0.34725,0.10044,0.24184,692,608,237.26,121.14,0.15867,0.38205,-0.023216,0.090388,468.24,4.8336,3.242,6.0896,1.1732,0.91268,13.154,11.324,1.0601,0.82879,-0.17085,0.82286,0.047926,3.2283,0.64125,0.093914,2.511,6.046,1931.7
5084,0,0.51058,633,1.38,1.34,3399,886.08,62,31.656,952,643,101,51.568,950,641,0.79048,0.95293,0.54065,0.082907,0.20662,954,640,302.54,154.47,0.13098,0.32642,-0.0077871,0.080615,445.19,5.0786,3.1756,6.4191,0.86578,0.73593,25.347,14.091,1.1269,0.8519,-0.19852,0.83376,0.054112,3.2694,0.65197,0.1558,2.0727,5.1655,1836.6
5084,0,0.51058,633,1.38,1.34,2766,721.07,43,21.955,811,960,96,49.015,811,958,0.89468,0.97237,0.40075,0.097024,0.20236,812,950,239.54,122.3,0.15328,0.31968,-0.0155,0.087373,423.96,5.0123,3.9483,6.3978,1.1263,0.86356,-1.467,14.766,1.4618,0.81983,-0.14073,0.81054,0.041944,3.3911,0.60121,0.092854,2.4256,5.0589,1749
5085,0,0.51058,633,1.38,1.34,2663,694.21,39,19.913,239,91,91,46.462,240,90,0.90446,0.97849,0.36114,0.10622,0.24254,245,97,228.21,116.52,0.16781,0.38316,-0.077864,0.10509,446.88,5.3943,5.8179,7.152,0.8967,0.90503,7.7754,12.197,0.72529,0.88774,-0.18759,0.8778,0.059864,3.0254,0.72329,0.12465,2.6556,6.0636,1843.6
5085,0,0.51058,633,1.38,1.34,2330,607.4,42,21.444,877,337,87,44.42,880,331,0.87425,0.96996,0.45376,0.089467,0.23369,877,322,230.62,117.75,0.14134,0.36918,-0.037921,0.090739,329.32,5.9567,3.2574,7.5673,0.76708,0.8444,14.138,11.236,1.2404,0.80116,-0.16384,0.81044,0.049943,3.2401,0.63911,0.089502,2.2367,5.8423,1358.6
5085,0,0.51058,633,1.38,1.34,2556,666.32,46,23.487,76,544,65,33.188,76,545,0.70084,0.93714,0.18206,0.12215,0.32003,80,536,197.75,100.97,0.19297,0.50558,-0.0041314,0.13025,493.22,5.2308,4.2043,6.7767,1.3189,0.94478,15.683,15.461,0.84076,0.89685,-0.27319,0.8844,0.049148,3.1993,0.68713,0.092144,3.0537,8.0008,2034.7
5085,0,0.51058,633,1.38,1.34,3766,981.75,76,38.804,566,572,88,44.931,566,562,0.5063,0.97559,0.53435,0.07714,0.22916,557,561,317.93,162.33,0.12186,0.36202,0.008675,0.080719,458.94,3.9445,7.0271,5.5144,1.3031,0.76372,32.756,13.024,0.5126,0.92426,-0.39854,0.90991,0.073246,2.8943,0.77531,0.13574,1.9285,5.7289,1893.3
5085,0,0.51058,633,1.38,1.34,2398,625.13,42,21.444,130,563,71,36.251,131,566,0.80034,0.95726,0.26197,0.13012,0.27559,128,564,200.32,102.28,0.20555,0.43538,-0.009826,0.12245,492.92,5.8578,2.6227,7.2403,0.89322,0.93648,3.5853,17.105,0.98462,0.89114,-0.21432,0.88745,0.042609,3.3109,0.66237,0.087743,3.2529,6.8899,2033.5
5085,0,0.51058,633,1.38,1.34,2736,713.24,57,29.103,985,594,70,35.74,982,592,0.58233,0.95452,0.39255,0.080664,0.17365,980,590,237.28,121.15,0.12743,0.27432,-0.012288,0.068438,348.65,4.6341,3.1992,5.8746,1.0715,0.87827,5.9646,12.592,1.2433,0.82027,-0.15476,0.82102,0.041406,3.3584,0.61691,0.085772,2.0166,4.3412,1438.3
5085,0,0.51058,633,1.38,1.34,2452,639.21,45,22.976,72,615,70,35.74,71,614,0.76599,0.95573,0.12111,0.10127,0.2329,72,605,187.38,95.672,0.15999,0.36793,0.00068914,0.096723,392.29,4.3744,3.2159,5.6004,1.2926,0.989,13.361,15.715,1.0598,0.87364,-0.22175,0.87098,0.043159,3.3326,0.65766,0.099151,2.5318,5.8225,1618.4
5085,0,0.51058,633,1.38,1.34,1429,372.52,45,22.976,949,648,45,22.976,948,649,0.13543,0.95514,0.29804,0.090271,0.19496,940,649,158.58,80.968,0.14261,0.30799,-0.069071,0.074029,203.79,7.1358,4.4919,9.7471,0.82534,0.89122,-0.47931,7.4106,1.6398,0.63763,-0.078662,0.69723,0.053114,3.241,0.61682,0.13478,2.2568,4.874,840.7
5085,0,0.51058,633,1.38,1.34,1749,455.94,35,17.87,743,652,60,30.635,743,652,0.80541,0.98142,0.32875,0.078608,0.17467,734,654,180.31,92.062,0.12418,0.27594,0.0074002,0.070056,217.2,4.5666,3.0739,5.7757,1.3102,0.86842,24.693,16.729,0.70522,0.9191,-0.27038,0.90358,0.055832,3.1327,0.73097,0.11754,1.9652,4.3668,896.02
5085,0,0.51058,633,1.38,1.34,1473,383.99,35,17.87,691,671,68,34.719,697,669,0.85074,0.9703,0.43935,0.063009,0.13401,711,660,180.06,91.935,0.099541,0.2117,0.0056475,0.05252,146.62,3.9484,2.7318,4.8891,1.1714,0.8612,10.853,14.89,1.1272,0.85925,-0.18756,0.8437,0.048121,3.325,0.66261,0.12874,1.5752,3.3501,604.88
5085,0,0.51058,633,1.38,1.34,1783,464.81,31,15.828,118,672,70,35.74,120,674,0.89743,0.98307,0.28919,0.089441,0.21073,118,669,176.82,90.278,0.1413,0.33291,0.0045283,0.091243,251.93,5.1273,2.9372,6.4677,1.1796,0.92621,16.001,17.736,1.773,0.81824,-0.1683,0.80787,0.033163,3.5577,0.56568,0.070566,2.236,5.2683,1039.3
5085,0,0.51058,633,1.38,1.34,2514,655.37,45,22.976,866,659,95,48.505,870,671,0.87822,0.94841,0.44626,0.08228,0.19469,871,671,236.87,120.94,0.12998,0.30757,0.0094148,0.072111,326.78,4.4797,4.2233,5.8911,1.3486,0.88177,8.4672,13.182,1.1451,0.84015,-0.19837,0.83114,0.041024,3.3607,0.63391,0.076486,2.057,4.8674,1348.1
5085,0,0.51058,633,1.38,1.34,2778,724.19,47,23.997,444,684,79,40.336,445,687,0.80356,0.98236,0.22512,0.10295,0.22791,456,689,211.42,107.95,0.16264,0.36004,-0.018579,0.10113,451.81,4.712,3.4765,6.1828,1.1481,0.94514,9.7952,16.837,0.69564,0.92065,-0.23483,0.89854,0.061919,3.076,0.72701,0.14701,2.5738,5.6977,1863.9
5085,0,0.51058,633,1.38,1.34,1975,514.86,39,19.913,932,701,66,33.698,932,699,0.80691,0.93637,0.2971,0.068617,0.17013,932,694,186.63,95.291,0.1084,0.26877,0.0037595,0.060423,214.09,3.9959,4.4289,5.3542,1.4587,0.91964,9.7439,11.512,1.5221,0.76644,-0.16146,0.77862,0.039333,3.4096,0.56531,0.087759,1.7154,4.2533,883.21
5085,0,0.51058,633,1.38,1.34,2689,700.99,47,23.997,583,714,76,38.804,580,712,0.78705,0.97702,0.20183,0.089483,0.19744,569,715,205.26,104.8,0.14136,0.31191,-0.00025013,0.076964,380.13,4.2555,4.7022,5.7335,1.3274,0.95747,2.1446,14.296,0.83458,0.88969,-0.22789,0.88102,0.052892,3.1865,0.71447,0.11513,2.2371,4.9361,1568.2
5085,0,0.51058,633,1.38,1.34,3747,976.8,57,29.103,874,730,90,45.952,875,732,0.7716,0.92846,0.39415,0.072568,0.1708,877,726,278.21,142.05,0.11464,0.26983,-0.0072361,0.058031,429.56,3.4265,3.8091,4.4583,1.0141,0.85201,5.7885,10.47,0.67519,0.87884,-0.22474,0.87035,0.061903,3.015,0.73168,0.11114,1.8142,4.27,1772.1
5085,0,0.51058,633,1.38,1.34,3357,875.13,48,24.508,824,721,101,51.568,821,727,0.87661,0.95477,0.36864,0.072811,0.1857,815,741,258.52,131.99,0.11502,0.29336,-0.0013858,0.058668,386.14,3.8618,4.0356,5.0887,1.0844,0.90571,8.6489,8.9632,0.99083,0.80092,-0.1848,0.80501,0.058864,3.1286,0.67981,0.12549,1.8203,4.6425,1593
5085,0,0.51058,633,1.38,1.34,1501,391.29,30,15.317,58,748,63,32.166,56,748,0.87401,0.98752,0.38109,0.13088,0.37235,53,757,173.21,88.436,0.20677,0.58823,-0.040302,0.17648,310.36,10.992,3.7796,14.752,1.1069,0.91579,29.423,18.924,1.377,0.86434,-0.21404,0.84112,0.053355,3.3028,0.64754,0.13836,3.2721,9.3087,1280.4
5085,0,0.51058,633,1.38,1.34,1915,499.22,36,18.381,315,868,65,33.188,313,868,0.8272,0.97227,0.30384,0.13509,0.2804,309,868,184.77,94.341,0.21341,0.44297,-0.012459,0.12838,408.69,5.4172,3.7547,7.047,1.2262,0.90039,-12.206,18.978,0.84324,0.91492,-0.23684,0.90557,0.055346,3.1529,0.67006,0.15054,3.3773,7.01,1686
5085,0,0.51058,633,1.38,1.34,2181,568.56,56,28.592,296,902,64,32.677,291,893,0.4669,0.97858,0.39107,0.1495,0.31439,293,894,210.33,107.39,0.23618,0.49667,-0.061037,0.14276,515.1,5.5296,4.7598,7.2794,0.62388,0.87085,-7.7863,15.607,0.58783,0.9274,-0.23142,0.91445,0.066255,2.9683,0.75715,0.12321,3.7375,7.8598,2125
5086,0,0.51058,633,1.38,1.34,1508,393.12,40,20.423,227,25,53,27.061,227,26,0.65892,0.94247,0.3265,0.15839,0.48821,221,20,166.35,84.936,0.25023,0.77127,-0.3545,0.19865,377.34,9.8992,12.729,15.781,0.58163,0.85874,6.558,7.4657,0.83163,0.79954,-0.14611,0.82642,0.093915,2.6938,0.75392,0.18375,3.9599,12.205,1556.7
5086,0,0.51058,633,1.38,1.34,3450,899.38,71,36.251,652,71,71,36.251,655,71,0.11938,0.91557,0.5515,0.14541,0.41233,658,74,309.73,158.14,0.22972,0.6514,-0.15657,0.18079,792.54,9.3084,6.838,12.837,0.55094,0.7875,15.354,11.806,1.2318,0.81104,-0.16284,0.82361,0.053803,3.2133,0.6719,0.12913,3.6354,10.308,3269.6
5086,0,0.51058,633,1.38,1.34,1485,387.12,33,16.849,564,77,56,28.592,562,77,0.80548,0.94151,0.20657,0.1099,0.3353,555,79,151.93,77.573,0.17362,0.5297,-0.03913,0.12776,257.83,6.1239,4.8826,8.0313,1.1854,0.94421,10.201,11.908,0.93261,0.85475,-0.24257,0.85017,0.051096,3.1834,0.67978,0.10072,2.7476,8.3826,1063.7
5086,0,0.51058,633,1.38,1.34,2335,608.71,33,16.849,522,106,93,47.484,523,103,0.93407,0.93354,0.4479,0.095789,0.24052,524,110,229.71,117.29,0.15133,0.37997,-0.040505,0.10148,353.34,5.4484,5.7015,7.3219,1.1805,0.8982,5.0692,12.306,1.961,0.72511,-0.1232,0.75685,0.043151,3.4371,0.60288,0.099903,2.3947,6.013,1457.7
5086,0,0.51058,633,1.38,1.34,1807,471.06,41,20.934,668,140,65,33.188,670,142,0.7665,0.92697,0.43363,0.12492,0.38565,674,145,198.75,101.48,0.19735,0.60925,-0.11929,0.15593,356.61,8.0548,7.1239,11.567,0.75923,0.79246,10.864,10.547,1.1969,0.79617,-0.17095,0.8135,0.067376,3.068,0.69437,0.15494,3.1231,9.6414,1471.2
5086,0,0.51058,633,1.38,1.34,2332,607.93,50,25.529,724,151,71,36.251,729,148,0.71029,0.90016,0.49572,0.10234,0.25093,729,152,239.34,122.2,0.16167,0.39641,-0.069545,0.085591,377.02,5.4618,8.0601,7.8482,1.8219,0.73659,-6.8401,7.259,1.1487,0.72674,-0.11281,0.74689,0.066627,3.0422,0.67187,0.14012,2.5585,6.2732,1555.4
5086,0,0.51058,633,1.38,1.34,1853,483.06,34,17.36,761,158,77,39.314,760,157,0.89731,0.93327,0.46575,0.10083,0.33672,768,160,207.75,106.07,0.15928,0.53194,-0.036158,0.098325,295.15,5.7992,9.8719,8.4808,1.9812,0.82478,4.1156,6.7953,1.1669,0.7069,-0.19463,0.7806,0.084374,2.888,0.71367,0.19365,2.5207,8.418,1217.6
5086,0,0.51058,633,1.38,1.34,3556,927.01,63,32.166,778,246,84,42.888,775,243,0.66151,0.95468,0.41703,0.13606,0.36218,778,244,276.02,140.93,0.21494,0.57217,-0.11071,0.13217,764.33,5.8242,5.2736,7.6428,1.1035,0.85114,-1.0371,8.4377,0.70916,0.84494,-0.1827,0.84832,0.068221,2.904,0.73669,0.12899,3.4015,9.0545,3153.2
5086,0,0.51058,633,1.38,1.34,2419,630.61,53,27.061,484,246,62,31.656,483,252,0.51472,0.95882,0.28594,0.088686,0.23316,486,253,206.38,105.37,0.1401,0.36834,-0.008767,0.097394,338.91,3.2307,4.0167,4.2397,1.0401,0.92105,24.711,16.603,0.53905,0.93711,-0.33511,0.92005,0.073017,2.9537,0.76261,0.195,2.2172,5.8291,1398.2
5086,0,0.51058,633,1.38,1.34,2547,663.97,56,28.592,567,270,68,34.719,563,268,0.56004,0.92562,0.37737,0.086495,0.25263,566,269,225.56,115.16,0.13664,0.3991,-0.014425,0.087515,348.03,4.097,7.6747,5.794,1.4332,0.84748,7.0144,10.875,0.79659,0.8635,-0.2677,0.8633,0.069105,2.9993,0.73432,0.16205,2.1624,6.3157,1435.8
5086,0,0.51058,633,1.38,1.34,2685,699.95,54,27.571,386,277,77,39.314,387,275,0.71306,0.97956,0.41122,0.13184,0.38211,392,277,238.05,121.54,0.20827,0.60366,-0.02168,0.16826,559.21,5.9497,3.1531,7.5861,0.51103,0.81082,19.66,17.704,1.2473,0.86836,-0.23928,0.84727,0.055388,3.2306,0.66562,0.14414,3.2959,9.5529,2307
5086,0,0.51058,633,1.38,1.34,3188,831.08,64,32.677,518,280,100,51.058,514,286,0.76125,0.91607,0.62907,0.10377,0.28046,500,286,326.42,166.66,0.16393,0.44306,-0.0041769,0.10769,522.61,5.0712,7.1347,7.351,1.4885,0.65114,8.2592,14.592,0.78113,0.89838,-0.30857,0.89556,0.062366,3.0761,0.7435,0.14014,2.5942,7.0114,2156
5086,0,0.51058,633,1.38,1.34,1973,514.34,32,16.338,790,386,93,47.484,793,384,0.93545,0.95483,0.46842,0.091722,0.20091,793,384,214.72,109.63,0.1449,0.31739,-0.018671,0.079964,285.89,4.8809,2.8683,6.1223,0.68162,0.90229,-8.7051,11.915,1.9417,0.71974,-0.10912,0.74322,0.039451,3.4858,0.58154,0.081585,2.2931,5.0227,1179.4
5086,0,0.51058,633,1.38,1.34,2648,690.3,38,19.402,757,417,105,53.611,757,414,0.93223,0.9588,0.54458,0.080899,0.20093,760,409,268.35,137.01,0.1278,0.31743,-0.015016,0.066884,338.42,3.9694,3.8539,5.1979,0.85223,0.78484,-1.1365,8.4333,1.4642,0.70413,-0.11949,0.72765,0.05153,3.2646,0.63802,0.11626,2.0225,5.0233,1396.1
5086,0,0.51058,633,1.38,1.34,2666,695,62,31.656,269,462,75,38.293,275,459,0.57071,0.93136,0.60497,0.11092,0.2758,272,473,289.99,148.06,0.17523,0.43571,-0.0020922,0.10766,467.17,3.4494,5.3439,4.7376,1.3856,0.74093,1.1388,15.239,0.6399,0.9194,-0.30233,0.90836,0.058856,3.0706,0.74429,0.11292,2.773,6.8951,1927.3
5086,0,0.51058,633,1.38,1.34,2313,602.97,51,26.039,309,481,65,33.188,310,477,0.62324,0.90956,0.3346,0.11514,0.24112,312,474,208.22,106.31,0.1819,0.38091,0.00057584,0.091902,420.72,3.6554,4.4375,4.8498,1.1315,0.87442,-11.934,13.897,0.5899,0.91856,-0.25921,0.91306,0.058222,3.077,0.76338,0.12128,2.8785,6.0279,1735.7
5086,0,0.51058,633,1.38,1.34,1545,402.76,44,22.465,246,494,44,22.465,245,492,0.097591,0.96321,0.087327,0.22891,0.494,245,493,145.8,74.442,0.36162,0.78041,-0.02115,0.23885,558.7,11.129,2.6169,13.13,0.6158,0.97336,-23.368,19.808,1.4661,0.86216,-0.1824,0.85594,0.063762,3.276,0.6405,0.19387,5.7227,12.35,2304.9
5086,0,0.51058,633,1.38,1.34,2819,734.88,43,21.955,343,503,95,48.505,347,510,0.8917,0.93348,0.44958,0.098526,0.22507,342,512,253.48,129.42,0.15565,0.35556,-0.0092156,0.091862,438.78,3.563,4.4002,4.7007,1.2286,0.89941,2.1689,14.123,1.2889,0.83273,-0.17269,0.82972,0.04225,3.3792,0.62779,0.085375,2.4632,5.6268,1810.1
5086,0,0.51058,633,1.38,1.34,2680,698.65,54,27.571,294,530,77,39.314,295,536,0.70915,0.94089,0.39089,0.094075,0.25502,315,538,233.84,119.39,0.14862,0.40288,-0.0084731,0.092789,398.29,3.6198,8.0866,5.2271,1.5933,0.85147,11.564,12.231,0.73218,0.88703,-0.30631,0.90116,0.065574,3.0068,0.76468,0.13411,2.3519,6.3756,1643.1
5086,0,0.51058,633,1.38,1.34,6313,1645.7,117,59.737,907,821,117,59.737,919,835,0.085376,0.93552,0.57822,0.11401,0.32621,913,839,431.77,220.45,0.18011,0.51535,-0.018547,0.10578,1137,3.9137,6.1015,5.3264,1.266,0.74783,13.569,9.0608,0.70733,0.85517,-0.25853,0.86006,0.079713,2.9379,0.7452,0.19125,2.8503,8.1553,4690.7
5086,0,0.51058,633,1.38,1.34,2197,572.73,57,29.103,244,833,58,29.613,244,840,0.18314,0.92809,0.35722,0.16778,0.53925,244,848,205.82,105.09,0.26506,0.85189,-0.042506,0.20333,582.33,11.811,3.195,15.086,0.90544,0.8794,16.316,11.986,1.1875,0.81971,-0.22583,0.81527,0.047557,3.2652,0.62935,0.089065,4.1945,13.481,2402.4
5086,0,0.51058,633,1.38,1.34,2495,650.42,40,20.423,932,882,92,46.973,927,878,0.89897,0.92455,0.45228,0.14548,0.34459,922,873,239.68,122.37,0.22982,0.54438,0.0082325,0.13918,573.41,4.501,12.206,6.6037,1.9311,0.84164,-3.2889,16.858,0.71247,0.9189,-0.32854,0.92245,0.074444,2.9525,0.78497,0.16921,3.637,8.6148,2365.6
5086,0,0.51058,633,1.38,1.34,2284,595.41,36,18.381,914,922,91,46.462,910,918,0.91782,0.96108,0.48339,0.11564,0.36844,905,912,234.53,119.75,0.18268,0.58205,-0.002053,0.13925,417.24,4.6287,6.8091,6.3794,1.5043,0.86081,15.166,13.779,1.1602,0.84469,-0.25903,0.82956,0.07006,3.1013,0.66811,0.19525,2.8909,9.211,1721.3
5087,0,0.51058,633,1.38,1.34,2333,608.19,44,22.465,120,141,69,35.23,118,140,0.76615,0.97421,0.34696,0.10018,0.2091,102,143,211.27,107.87,0.15826,0.33033,0.0098195,0.077008,369.23,2.18,3.2412,2.8013,1.2508,0.85523,-4.5899,13.257,0.88702,0.87457,-0.20844,0.87041,0.047703,3.2436,0.68142,0.11298,2.5045,5.2276,1523.2
5087,0,0.51058,633,1.38,1.34,1965,512.25,41,20.934,99,178,63,32.166,102,177,0.75121,0.94568,0.3309,0.10986,0.25018,99,168,191.08,97.56,0.17356,0.39523,-0.001373,0.10091,341.04,3.143,3.2373,4.0484,1.0351,0.87718,9.0071,14.876,1.5476,0.81153,-0.17072,0.81768,0.038631,3.4623,0.58809,0.079437,2.7465,6.2545,1406.9
5087,0,0.51058,633,1.38,1.34,1863,485.66,36,18.381,157,202,83,42.378,151,203,0.90007,0.96566,0.439,0.10355,0.2616,150,205,201.19,102.72,0.16359,0.41326,-0.010856,0.099128,304.77,3.3532,3.9539,4.3041,1.3739,0.84875,10.492,12.15,1.0398,0.84233,-0.19942,0.83687,0.050616,3.2311,0.66202,0.097981,2.5888,6.5399,1257.3
5087,0,0.51058,633,1.38,1.34,1878,489.57,32,16.338,898,280,111,56.674,914,278,0.95705,0.97125,0.66627,0.1912,0.5012,923,272,263.67,134.62,0.30205,0.79179,-0.27046,0.22911,567.25,8.4249,6.3432,11.602,1.7109,0.69175,7.2362,10.947,0.68012,0.88301,-0.17646,0.86963,0.083625,2.842,0.75616,0.20526,4.78,12.53,2340.1
5087,0,0.51058,633,1.38,1.34,2815,733.84,31,15.828,208,324,116,59.227,209,327,0.96222,0.98473,0.51242,0.094523,0.25998,207,331,268.55,137.12,0.14933,0.41071,0.0026297,0.097754,420.35,2.9616,6.4214,4.1236,1.6567,0.89215,22.737,12.72,1.8286,0.74862,-0.16227,0.75937,0.051333,3.3561,0.60992,0.11426,2.3631,6.4995,1734.1
5087,0,0.51058,633,1.38,1.34,2137,557.09,40,20.423,784,342,108,55.142,782,347,0.92679,0.97418,0.64658,0.097943,0.29708,781,345,273.4,139.59,0.15473,0.46931,-0.1232,0.11184,330.65,4.3814,6.947,6.2045,1.2061,0.68851,10.738,7.7123,1.3225,0.70723,-0.12618,0.76533,0.093129,2.8951,0.70146,0.23917,2.4486,7.4269,1364.1
5087,0,0.51058,633,1.38,1.34,1830,477.06,24,12.254,935,455,101,51.568,938,455,0.96965,0.98879,0.56177,0.11574,0.28254,946,449,227.29,116.05,0.18284,0.44635,-0.044919,0.12685,334.6,4.6295,3.1624,5.7967,0.79779,0.87238,19.242,15.801,0.98505,0.88263,-0.19942,0.86328,0.051685,3.2391,0.68395,0.1256,2.8934,7.0635,1380.3
5087,0,0.51058,633,1.38,1.34,3317,864.7,47,23.997,157,744,110,56.163,149,740,0.90219,0.97449,0.46534,0.089117,0.2454,150,745,278.75,142.32,0.14079,0.38767,-0.0062431,0.073434,466.99,2.4317,5.2839,3.2713,1.7243,0.86818,4.425,8.5174,0.55524,0.8776,-0.27484,0.87061,0.078057,2.8152,0.75885,0.15226,2.2279,6.135,1926.5
5087,0,0.51058,633,1.38,1.34,2913,759.39,33,16.849,223,797,121,61.78,223,798,0.96112,0.97696,0.53635,0.091432,0.20441,228,798,278.6,142.25,0.14444,0.32292,0.0051752,0.071118,420.76,2.5098,4.2869,3.2875,1.6192,0.89182,4.6581,10.431,1.4412,0.75721,-0.14167,0.77775,0.042354,3.3723,0.59669,0.08632,2.2858,5.1103,1735.8
5087,0,0.51058,633,1.38,1.34,4068,1060.5,60,30.635,670,874,95,48.505,678,874,0.76981,0.98048,0.25362,0.082354,0.19407,676,870,261,133.26,0.1301,0.30658,0.0138,0.062653,529.25,1.8296,5.1373,2.4561,1.716,0.94584,11.394,10.527,0.84577,0.85127,-0.22435,0.84868,0.053264,3.1537,0.68851,0.096825,2.0589,4.8516,2183.4
5087,0,0.51058,633,1.38,1.34,2086,543.8,38,19.402,531,921,80,40.846,533,926,0.87764,0.9914,0.2979,0.18503,0.48689,533,925,192.83,98.453,0.2923,0.76918,-0.030334,0.18313,609.74,5.4132,7.4031,7.3426,1.6075,0.95393,-6.0702,10.817,1.5455,0.74997,-0.14974,0.77236,0.05675,3.2334,0.62739,0.15747,4.6257,12.172,2515.4
5087,0,0.51058,633,1.38,1.34,1213,316.22,31,15.828,152,958,48,24.508,154,956,0.75499,0.96471,0.19541,0.16875,0.37444,156,950,136.96,69.927,0.26659,0.59154,-0.040687,0.19365,323.37,7.183,3.4119,9.3224,0.70787,0.93389,6.1299,21.12,2.3802,0.79743,-0.13448,0.79125,0.05422,3.3992,0.58878,0.14973,4.2188,9.3611,1334
5087,0,0.51058,633,1.38,1.34,1486,387.38,37,18.891,135,992,50,25.529,136,990,0.67261,0.93547,0.33368,0.14248,0.3303,136,988,166.17,84.842,0.22509,0.5218,-0.083694,0.14319,334.48,5.0511,5.4037,6.8714,0.76785,0.90743,-6.5828,12.348,1.2963,0.80999,-0.13437,0.80307,0.04648,3.2976,0.62796,0.10129,3.562,8.2575,1379.9
5088,0,0.51058,633,1.38,1.34,2002,521.9,52,26.55,796,36,54,27.571,797,35,0.31239,0.8355,0.3578,0.085094,0.32438,805,32,197.82,101,0.13443,0.51245,-0.10815,0.095024,269.13,9.54,3.7946,12.388,0.75321,0.90162,7.5548,4.9544,1.4579,0.54528,-0.073985,0.57469,0.072591,3.0144,0.61585,0.17501,2.1274,8.1095,1110.3
5088,0,0.51058,633,1.38,1.34,2025,527.89,46,23.487,854,54,58,29.613,855,55,0.60102,0.82569,0.34533,0.104,0.36781,857,57,196.33,100.24,0.1643,0.58106,-0.15593,0.10914,332.7,11.105,3.8635,14.294,0.54733,0.89329,2.9811,4.5054,1.2733,0.55932,-0.069643,0.59086,0.068343,2.9134,0.63139,0.12825,2.6,9.1953,1372.5
5088,0,0.51058,633,1.38,1.34,3030,789.89,55,28.082,779,99,76,38.804,776,98,0.68389,0.83848,0.35416,0.099074,0.35832,783,88,242.11,123.62,0.15652,0.56607,-0.061347,0.10401,474.24,9.3488,4.0796,12.237,0.73131,0.89721,10.441,6.0089,1.3401,0.6353,-0.11535,0.64794,0.068414,3.0452,0.63915,0.13056,2.4769,8.9581,1956.4
5088,0,0.51058,633,1.38,1.34,2065,538.32,48,24.508,834,98,58,29.613,831,101,0.56134,0.81508,0.37555,0.090188,0.2824,820,100,203.57,103.94,0.14248,0.44614,-0.11874,0.093564,294.21,10.789,3.8273,14.042,0.22772,0.90112,4.6043,5.2639,1.9995,0.44944,-0.044748,0.50401,0.054766,3.2453,0.57232,0.10111,2.2547,7.0601,1213.8
5088,0,0.51058,633,1.38,1.34,2857,744.79,38,19.402,927,130,100,51.058,924,129,0.92289,0.81379,0.53566,0.07742,0.24835,925,115,276.66,141.26,0.12231,0.39234,-0.12651,0.083051,349.43,10.987,3.2683,13.853,0.40534,0.87259,4.0678,4.4629,2.5464,0.27342,-0.021348,0.36969,0.048064,3.3042,0.51313,0.10067,1.9355,6.2088,1441.5
5088,0,0.51058,633,1.38,1.34,2502,652.24,51,26.039,897,216,62,31.656,896,216,0.58393,0.86869,0.22209,0.099413,0.34962,890,215,199.91,102.07,0.15705,0.55232,-0.068927,0.10802,392.94,8.8689,4.2093,11.733,0.78159,0.92742,12.186,6.6885,1.451,0.64346,-0.11139,0.65482,0.062553,3.1171,0.60906,0.10833,2.4853,8.7404,1621
5088,0,0.51058,633,1.38,1.34,7373,1922.1,90,45.952,839,805,106,54.121,833,806,0.53209,0.94394,0.27475,0.10326,0.26719,816,802,356.42,181.98,0.16313,0.42209,0.0014558,0.084533,1202.8,4.0326,4.2162,5.2211,0.73362,0.90817,5.2198,9.739,0.72122,0.8621,-0.25239,0.85835,0.062002,3.0017,0.71775,0.12588,2.5815,6.6796,4961.8
5088,0,0.51058,633,1.38,1.34,2261,589.42,44,22.465,775,826,76,38.804,778,824,0.81278,0.9513,0.45251,0.084473,0.25079,784,821,225.91,115.34,0.13345,0.3962,0.0018055,0.074706,301.73,4.253,5.3661,5.6939,0.83361,0.8488,12.957,8.4506,0.88302,0.81079,-0.23694,0.81319,0.072988,2.9726,0.69768,0.18213,2.1118,6.2698,1244.8
5089,0,0.51058,633,1.38,1.34,3500,912.41,65,33.188,64,50,69,35.23,65,50,0.33553,0.96542,0.20258,0.09266,0.19976,69,47,235,119.99,0.14638,0.31557,0.010686,0.077725,512.34,2.6743,4.1995,3.5756,1.5591,0.94652,8.0309,15.362,0.75708,0.90606,-0.24442,0.89035,0.053856,3.1566,0.71753,0.10685,2.3165,4.994,2113.6
5089,0,0.51058,633,1.38,1.34,2763,720.28,63,32.166,74,109,70,35.74,70,112,0.42572,0.97779,0.37494,0.090197,0.19906,78,113,234.81,119.89,0.14249,0.31447,0.010653,0.072662,393.7,3.186,3.2643,3.9802,1.403,0.83552,-4.3121,12.672,1.1513,0.83342,-0.17644,0.82194,0.048364,3.2786,0.65286,0.1292,2.2549,4.9765,1624.2
5089,0,0.51058,633,1.38,1.34,2280,594.37,42,21.444,321,144,79,40.336,314,143,0.84697,0.981,0.38937,0.13344,0.34849,316,146,216.31,110.44,0.2108,0.55053,-0.017051,0.15819,480.63,6.6491,6.2578,9.2591,1.2833,0.86267,19.975,19.233,0.84273,0.91604,-0.27518,0.89282,0.05193,3.1961,0.68985,0.099953,3.3359,8.7121,1982.8
5089,0,0.51058,633,1.38,1.34,2128,554.75,51,26.039,207,183,60,30.635,202,185,0.51605,0.99048,0.21365,0.12362,0.28898,212,189,184.06,93.979,0.19529,0.45652,0.0025399,0.1276,415.57,4.5695,4.0297,6.0479,1.4409,0.95282,12.186,19.162,0.8786,0.91232,-0.2614,0.89561,0.045285,3.28,0.68816,0.094588,3.0904,7.2245,1714.4
5089,0,0.51058,633,1.38,1.34,2033,529.98,49,25.018,911,565,59,30.124,913,561,0.53944,0.97152,0.28375,0.10284,0.21264,908,560,188.14,96.062,0.16247,0.33593,-0.0028203,0.085808,330.3,3.7811,3.7281,4.8963,1.2647,0.90518,-13.449,14.437,1.12,0.85602,-0.16933,0.84104,0.045763,3.3144,0.65046,0.088757,2.571,5.316,1362.6
5089,0,0.51058,633,1.38,1.34,2402,626.17,42,21.444,940,588,86,43.91,941,586,0.87171,0.93836,0.42523,0.096589,0.18459,930,583,228.51,116.67,0.15259,0.29162,-0.0044915,0.063782,366.52,3.1878,3.8848,4.1735,1.1233,0.85895,-12.494,10.708,0.94264,0.83818,-0.15533,0.83649,0.052881,3.1727,0.68092,0.095754,2.4147,4.6148,1512
5089,0,0.51058,633,1.38,1.34,1173,305.79,36,18.381,981,603,45,22.976,978,602,0.60759,0.91753,0.22661,0.1017,0.18061,988,607,136.87,69.883,0.16066,0.28533,0.040928,0.045541,188.46,3.4425,3.3999,4.409,0.80791,0.92956,-8.4758,7.4133,1.1977,0.72182,-0.11134,0.73964,0.064909,3.1209,0.6413,0.14683,2.5425,4.5153,777.46
5089,0,0.51058,633,1.38,1.34,3185,830.29,67,34.209,970,638,71,36.251,965,638,0.32591,0.94839,0.35088,0.13885,0.36261,952,632,247.34,126.29,0.21935,0.57284,0.0053136,0.10406,698.64,4.5061,12.816,6.6196,1.5864,0.8573,-4.966,8.0583,0.59493,0.86249,-0.28081,0.87741,0.084753,2.7555,0.78409,0.15101,3.4713,9.0652,2882.2
5089,0,0.51058,633,1.38,1.34,2329,607.14,46,23.487,915,640,66,33.698,919,637,0.70609,0.96793,0.34224,0.098765,0.23863,914,637,210.68,107.57,0.15603,0.37697,0.013001,0.091769,363.39,3.1292,5.5216,4.2413,1.6333,0.88983,11.206,15.582,0.78645,0.9039,-0.28282,0.8866,0.056086,3.1166,0.72341,0.10113,2.4691,5.9656,1499.1
5089,0,0.51058,633,1.38,1.34,3338,870.18,71,36.251,561,659,93,47.484,554,646,0.64588,0.98375,0.51508,0.085253,0.18227,552,644,292.15,149.16,0.13468,0.28795,0.013221,0.075516,449.57,3.2966,4.5328,4.2424,1.5856,0.76777,-0.63526,17.397,1.2849,0.86245,-0.19677,0.85102,0.040307,3.4183,0.64999,0.075583,2.1313,4.5568,1854.6
5089,0,0.51058,633,1.38,1.34,4961,1293.3,72,36.762,719,790,101,51.568,714,792,0.69906,0.96512,0.32136,0.1132,0.27299,700,781,301.46,153.92,0.17883,0.43127,0.0055842,0.10927,887.2,3.1856,4.004,4.1407,1.2261,0.87244,27.059,15.91,0.58202,0.92942,-0.32026,0.91838,0.056378,3.0763,0.75245,0.11461,2.8301,6.8249,3660.1
5089,0,0.51058,633,1.38,1.34,2248,586.03,43,21.955,340,814,67,34.209,337,815,0.76885,0.98769,0.18454,0.11896,0.27015,333,815,184.85,94.382,0.18792,0.42678,0.0090679,0.12407,422.45,4.5369,4.3585,6.0003,1.2249,0.95136,13.531,21.057,1.0311,0.90663,-0.249,0.88853,0.046901,3.3195,0.68317,0.12075,2.9739,6.7538,1742.8
5089,0,0.51058,633,1.38,1.34,2391,623.31,50,25.529,710,835,69,35.23,711,840,0.68985,0.95823,0.21049,0.094563,0.2192,709,840,194.52,99.318,0.14939,0.34628,0.0075337,0.084472,357.19,3.3338,2.837,4.1882,0.84687,0.95485,13.564,14.759,0.76767,0.90112,-0.26232,0.89178,0.048012,3.2034,0.69937,0.092301,2.3641,5.4799,1473.5
5089,0,0.51058,633,1.38,1.34,2522,657.46,32,16.338,208,874,104,53.1,212,875,0.95096,0.99311,0.43697,0.11301,0.27816,207,871,236.54,120.77,0.17853,0.43943,0.013517,0.1292,450.24,4.7613,3.881,6.2478,1.4665,0.93893,53.677,23.356,0.59916,0.94998,-0.35589,0.92637,0.071793,2.9879,0.75766,0.17699,2.8252,6.954,1857.4
5089,0,0.51058,633,1.38,1.34,3221,839.68,59,30.124,974,877,76,38.804,973,881,0.63025,0.95818,0.30256,0.10737,0.24927,970,886,240.43,122.76,0.16962,0.3938,0.0092749,0.11203,546.34,3.1527,2.8947,3.9549,1.013,0.90001,28.827,21.031,0.83212,0.92388,-0.2857,0.90502,0.048331,3.2394,0.69555,0.11181,2.6842,6.2318,2253.9
5089,0,0.51058,633,1.38,1.34,4065,1059.7,64,32.677,973,937,78,39.825,971,933,0.57939,0.97758,0.17289,0.11407,0.25551,974,935,247.68,126.46,0.18021,0.40365,0.0072462,0.10622,732.54,2.7068,3.1167,3.4381,1.2667,0.95934,15.338,17.334,0.60771,0.93226,-0.30006,0.91999,0.051274,3.1306,0.74145,0.10499,2.8518,6.3878,3022
5089,0,0.51058,633,1.38,1.34,2229,581.08,43,21.955,456,946,68,34.719,458,944,0.7771,0.99174,0.16871,0.099776,0.20753,464,943,182.98,93.428,0.15762,0.32785,0.0031169,0.087577,351.34,3.3212,4.2027,4.4282,1.6499,0.96226,3.1291,16.934,0.94563,0.89422,-0.21293,0.88141,0.044773,3.3113,0.68789,0.093689,2.4944,5.1882,1449.4
5090,0,0.51058,633,1.38,1.34,3653,952.3,59,30.124,336,368,77,39.314,338,368,0.64256,0.96971,0.13077,0.087943,0.20497,340,376,229.02,116.93,0.13893,0.3238,-0.0014148,0.086881,507.51,3.5097,3.8449,4.6117,1.1982,0.9615,20.119,17.791,0.60259,0.93448,-0.29665,0.9166,0.056948,3.0915,0.74055,0.14006,2.1986,5.1242,2093.7
5090,0,0.51058,633,1.38,1.34,4943,1288.6,86,43.91,493,379,87,44.42,497,378,0.14371,0.95104,0.42075,0.059926,0.1488,489,370,326.65,166.78,0.09467,0.23508,0.0031358,0.052289,467.95,2.9504,3.1355,3.7666,1.0222,0.86351,16.314,12.118,0.72856,0.88657,-0.25858,0.87585,0.056926,3.1079,0.70964,0.13039,1.4981,3.7201,1930.5
5090,0,0.51058,633,1.38,1.34,4583,1194.7,74,37.783,590,402,78,39.825,591,405,0.31569,0.94379,0.17466,0.14695,0.4208,595,406,263.84,134.71,0.23215,0.66477,0.0021991,0.15718,1064,5.6819,4.3937,7.6215,0.69734,0.95329,28.715,14.074,0.48093,0.93391,-0.39709,0.92197,0.070881,2.9169,0.78865,0.14467,3.6738,10.52,4389.2
5090,0,0.51058,633,1.38,1.34,3323,866.27,54,27.571,632,442,95,48.505,629,437,0.82089,0.91586,0.47449,0.082926,0.23741,624,435,281.24,143.59,0.131,0.37506,-0.0051823,0.088249,435.33,4.8342,5.2582,6.6985,0.87924,0.84695,29.255,13.54,0.79804,0.88868,-0.29479,0.87623,0.05862,3.1215,0.71055,0.13399,2.0731,5.9353,1795.9
5090,0,0.51058,633,1.38,1.34,8427,2196.8,93,47.484,441,473,148,75.565,443,474,0.77458,0.95423,0.48117,0.14009,0.38863,442,473,449.98,229.75,0.22131,0.61396,0.0066631,0.16856,1865,5.1793,5.5069,7.2957,0.94625,0.76669,37.516,19.076,0.52771,0.94616,-0.39547,0.92677,0.083714,2.9192,0.79114,0.21851,3.5023,9.7159,7693.9
5090,0,0.51058,633,1.38,1.34,4562,1189.3,64,32.677,351,483,113,57.695,352,491,0.82617,0.94533,0.36098,0.067457,0.17477,355,490,297.94,152.12,0.10657,0.27609,0.010283,0.062026,486.16,3.183,4.1771,4.2154,1.0442,0.90073,15.255,13.153,0.72918,0.89494,-0.29253,0.8802,0.055709,3.0845,0.70958,0.11701,1.6864,4.3691,2005.6
5090,0,0.51058,633,1.38,1.34,3077,802.14,50,25.529,63,584,76,38.804,65,583,0.75346,0.96009,0.11207,0.10595,0.26834,67,575,207.74,106.07,0.16737,0.42392,0.014311,0.11533,515,3.8398,6.7456,5.5976,1.8461,0.97362,46.974,19.68,0.59103,0.94169,-0.36417,0.92324,0.067536,3.0075,0.762,0.15897,2.6486,6.7086,2124.6
5090,0,0.51058,633,1.38,1.34,2778,724.19,48,24.508,109,623,95,48.505,105,619,0.86376,0.95985,0.41285,0.077755,0.18378,106,618,242.44,123.78,0.12284,0.29033,0.0079066,0.073485,341.24,3.703,3.4257,4.84,1.1942,0.89436,24.151,16.838,0.59924,0.93127,-0.31966,0.91724,0.054131,3.0984,0.74555,0.10304,1.9439,4.5945,1407.7
5090,0,0.51058,633,1.38,1.34,4288,1117.8,56,28.592,341,844,109,55.653,340,847,0.85617,0.95026,0.32425,0.089919,0.20495,345,841,281.59,143.77,0.14205,0.32377,0.0022231,0.091015,609.12,3.6278,3.4206,4.7127,1.1886,0.91858,13.681,19.368,0.86555,0.91444,-0.2532,0.89486,0.048664,3.2381,0.68004,0.11094,2.248,5.1237,2512.9
5090,0,0.51058,633,1.38,1.34,5090,1326.9,74,37.783,320,932,93,47.484,316,932,0.60048,0.90252,0.29436,0.092768,0.22804,320,941,300.77,153.57,0.14655,0.36025,0.011268,0.095898,745.95,3.5462,4.0669,4.677,0.97056,0.9157,35.625,18.741,0.71039,0.92696,-0.31483,0.90806,0.054395,3.1447,0.72136,0.11584,2.3192,5.7009,3077.3
5090,0,0.51058,633,1.38,1.34,4654,1213.2,59,30.124,248,941,103,52.589,249,939,0.82071,0.91149,0.21836,0.088719,0.20436,239,947,272.66,139.22,0.14016,0.32284,-0.0011288,0.079608,652.29,3.4639,3.3113,4.4488,0.98074,0.95661,7.5153,14.418,0.69821,0.90762,-0.25065,0.89128,0.055089,3.1138,0.71881,0.10564,2.218,5.1089,2691
5091,0,0.51058,633,1.38,1.34,5103,1330.3,70,35.74,714,570,99,50.547,711,573,0.71141,0.96809,0.28203,0.082696,0.22295,714,564,298.1,152.2,0.13064,0.35222,0.0010924,0.087093,666.66,4.9718,3.4515,6.3736,0.83126,0.91822,29.238,15.41,0.57828,0.92766,-0.33607,0.9073,0.066377,2.9905,0.74964,0.16677,2.0674,5.5738,2750.2
5091,0,0.51058,633,1.38,1.34,5110,1332.1,71,36.251,691,926,125,63.822,683,926,0.82351,0.95887,0.52477,0.097902,0.26043,685,923,365.95,186.85,0.15466,0.41142,-0.018866,0.1077,790.33,5.102,4.1365,6.7015,1.2308,0.78498,23.466,15.104,0.53817,0.93119,-0.3051,0.91093,0.078517,2.9261,0.76675,0.20715,2.4476,6.5107,3260.4
5092,0,0.51058,633,1.38,1.34,686,178.83,28,14.296,763,80,29,14.807,763,79,0.067458,0.91478,0.091671,0.098019,0.2629,770,80,96.51,49.276,0.15485,0.41532,-0.21519,0.10368,106.23,15.085,4.3121,20.508,1.0478,0.96425,-0.66128,5.1166,1.7179,0.49728,-0.045767,0.57368,0.062382,3.0563,0.62943,0.11993,2.4505,6.5724,438.23
5092,0,0.51058,633,1.38,1.34,18376,4790.4,150,76.587,309,83,174,88.84,305,89,0.50195,0.96304,0.65405,0.089734,0.36044,300,102,817.11,417.2,0.14176,0.56941,0.0018494,0.11569,2605,3.3255,5.0325,4.4526,1.1525,0.84363,32.954,10.943,0.23311,0.95828,-0.66934,0.93143,0.18339,2.2566,0.88813,0.37574,2.2434,9.011,10747
5092,0,0.51058,633,1.38,1.34,2045,533.11,33,16.849,797,662,101,51.568,796,654,0.94341,0.97041,0.56457,0.081849,0.2141,798,655,240.94,123.02,0.1293,0.33824,-0.022082,0.080941,264.43,5.8572,3.7037,7.5268,1.421,0.85778,15.906,10.823,1.7341,0.7238,-0.13562,0.75811,0.040452,3.4165,0.5497,0.089569,2.0462,5.3526,1090.9
5092,0,0.51058,633,1.38,1.34,1730,450.99,28,14.296,851,672,77,39.314,851,675,0.93005,0.96924,0.4492,0.091047,0.19198,853,677,197.21,100.69,0.14383,0.30328,-0.01021,0.076469,248.83,5.2647,2.6082,6.4452,1.1319,0.87037,3.0938,11.997,1.7815,0.74141,-0.12294,0.77583,0.035532,3.5005,0.55839,0.069798,2.2762,4.7994,1026.5
5092,0,0.51058,633,1.38,1.34,1074,279.98,36,18.381,877,718,37,18.891,875,718,0.12217,0.98111,0.11778,0.12168,0.26848,874,715,123.44,63.025,0.19223,0.42414,-0.00089174,0.11321,206.46,6.9376,3.0915,8.4854,1.2233,0.95201,7.1757,14.972,1.6854,0.79765,-0.16074,0.81803,0.031688,3.5378,0.53724,0.049844,3.0421,6.712,851.72
5093,0,0.51058,633,1.38,1.34,2007,523.2,47,23.997,863,145,73,37.272,866,150,0.75399,0.90541,0.50737,0.096779,0.21887,867,155,225.81,115.29,0.15289,0.34576,-0.10898,0.087441,306.85,8.2571,5.0549,11.143,0.59895,0.80178,-2.2758,8.002,1.1517,0.74836,-0.10628,0.77233,0.056612,3.0941,0.66117,0.092004,2.4195,5.4717,1265.9
5093,0,0.51058,633,1.38,1.34,1670,435.35,43,21.955,869,186,60,30.635,870,181,0.69742,0.92218,0.3391,0.10262,0.22317,867,183,177.9,90.831,0.16212,0.35255,-0.067419,0.082624,270.74,7.2802,4.1313,9.6326,0.82042,0.90916,-4.2324,8.0498,1.2795,0.72571,-0.098255,0.74078,0.050815,3.2057,0.62773,0.10929,2.5655,5.5792,1116.9
5093,0,0.51058,633,1.38,1.34,2099,547.19,36,18.381,810,306,77,39.314,811,307,0.88556,0.94572,0.37353,0.087403,0.25057,809,309,204.57,104.45,0.13808,0.39584,-0.021457,0.092532,289.83,6.4683,4.0207,8.481,1.2627,0.88716,14.004,11.204,1.2631,0.79738,-0.18037,0.79513,0.045941,3.3031,0.60091,0.11473,2.1851,6.2641,1195.6
5093,0,0.51058,633,1.38,1.34,1899,495.05,37,18.891,828,363,71,36.251,830,363,0.84722,0.94679,0.25098,0.095761,0.24812,836,363,177.27,90.512,0.15128,0.39197,-0.0098809,0.098094,287.28,6.0516,3.2224,7.6806,1.1225,0.9495,17.62,14.106,0.83854,0.88778,-0.25178,0.87571,0.052719,3.1565,0.67897,0.1245,2.394,6.203,1185.2
5093,0,0.51058,633,1.38,1.34,1888,492.18,42,21.444,317,380,61,31.145,316,375,0.73066,0.97251,0.20677,0.10383,0.25768,313,368,172.5,88.073,0.16402,0.40708,-0.034256,0.10495,309.67,6.5164,4.269,8.8164,1.2469,0.95126,9.053,12.914,1.1832,0.83213,-0.16762,0.81903,0.055198,3.2244,0.65276,0.14119,2.5956,6.442,1277.5
5093,0,0.51058,633,1.38,1.34,1889,492.44,37,18.891,401,430,68,34.719,400,428,0.83923,0.96191,0.19185,0.11966,0.25368,396,422,171.05,87.332,0.18904,0.40076,-0.097143,0.1158,357.09,7.0413,5.7278,9.4368,0.70779,0.9626,-1.0035,11.72,1.2407,0.80854,-0.12993,0.82319,0.050302,3.1994,0.6557,0.097345,2.9915,6.3421,1473.1
5093,0,0.51058,633,1.38,1.34,1692,441.09,34,17.36,440,467,69,35.23,439,466,0.8663,0.96807,0.27052,0.11314,0.2673,445,469,169.63,86.608,0.17873,0.42228,-0.015265,0.11603,302.41,6.7624,3.1025,8.656,0.99155,0.92981,16.868,16.292,1.3248,0.8496,-0.1801,0.83294,0.038476,3.4616,0.63271,0.086957,2.8284,6.6826,1247.6
5093,0,0.51058,633,1.38,1.34,2425,632.17,59,30.124,348,481,61,31.145,345,485,0.25194,0.96305,0.2776,0.096317,0.18119,344,483,204.94,104.64,0.15216,0.28625,0.002797,0.076998,368.99,4.6924,2.7983,5.8596,0.98784,0.90149,-14.115,16.632,0.95416,0.89149,-0.18759,0.87646,0.043045,3.3341,0.68147,0.094348,2.4079,4.5298,1522.2
5093,0,0.51058,633,1.38,1.34,3071,800.58,57,29.103,291,495,77,39.314,293,501,0.67755,0.97233,0.24995,0.10454,0.23126,298,503,226.13,115.46,0.16516,0.36534,0.0083377,0.093852,507.2,4.4686,5.7373,6.1948,1.0679,0.90167,0.76084,16.492,0.70848,0.91762,-0.26928,0.90548,0.055814,3.1394,0.73433,0.13069,2.6136,5.7815,2092.4
5093,0,0.51058,633,1.38,1.34,1522,396.77,38,19.402,462,671,49,25.018,463,669,0.6203,0.98853,0.2011,0.10275,0.23844,467,669,153.99,78.622,0.16232,0.37668,-0.024155,0.10268,247.06,5.9895,2.9269,7.5937,1.2076,0.93119,16.296,14.991,1.0182,0.8728,-0.19962,0.86597,0.048337,3.2538,0.66287,0.10998,2.5688,5.961,1019.2
5093,0,0.51058,633,1.38,1.34,1755,457.51,37,18.891,415,784,57,29.103,416,783,0.75532,0.98661,0.17389,0.092446,0.19736,426,782,162.97,83.208,0.14604,0.31179,-0.00092293,0.084227,256.31,5.1846,2.5674,6.3389,1.0338,0.93725,4.4601,17.035,0.91513,0.89803,-0.22521,0.88944,0.040982,3.3331,0.68413,0.070726,2.3112,4.9341,1057.4
5093,0,0.51058,633,1.38,1.34,1113,290.15,29,14.807,585,860,48,24.508,585,862,0.80163,0.99318,0.22445,0.12447,0.3651,589,862,133.08,67.949,0.19664,0.57678,-0.021545,0.16091,218.86,9.9695,2.7479,12.922,1.0504,0.9092,37.965,17.293,1.6543,0.82538,-0.22095,0.8348,0.046668,3.3966,0.58109,0.14241,3.1118,9.1275,902.88
5093,0,0.51058,633,1.38,1.34,1685,439.26,40,20.423,623,930,63,32.166,616,928,0.76262,0.98577,0.4178,0.092762,0.25257,612,927,189.71,96.86,0.14654,0.39901,-0.011388,0.11087,246.93,5.8552,3.049,7.5681,1.1367,0.83732,40.595,17.866,0.98487,0.89551,-0.25934,0.87549,0.055248,3.234,0.66546,0.16118,2.3191,6.3143,1018.7
