4299,0,0.51058,633,1.38,1.34,2320,604.8,43,21.955,307,43,73,37.272,302,46,0.80345,0.95192,0.25386,0.14912,0.39742,299,48,196.66,100.41,0.23558,0.62784,-0.095925,0.11561,546.55,9.4784,9.6117,15.042,1.0202,0.94329,1.2535,6.0959,0.509,0.84587,-0.19596,0.85122,0.10274,2.6221,0.78469,0.1892,3.7281,9.9356,2254.7
4299,0,0.51058,633,1.38,1.34,3807,992.44,66,33.698,763,56,75,38.293,761,57,0.47538,0.86518,0.34503,0.13189,0.34835,757,57,269.49,137.59,0.20836,0.55032,-0.042878,0.10134,793.24,9.9979,4.29,13.03,0.64489,0.91714,5.9911,6.6508,0.94741,0.75062,-0.13821,0.74908,0.066873,2.9644,0.67972,0.14218,3.2973,8.7088,3272.4
4299,0,0.51058,633,1.38,1.34,2798,729.41,40,20.423,743,107,118,60.248,743,111,0.94066,0.88687,0.57093,0.12022,0.32935,736,116,284,145.01,0.18992,0.5203,-0.047598,0.092826,531.38,9.347,3.693,12.048,0.83094,0.86139,7.3316,6.1291,0.84736,0.75708,-0.14661,0.76127,0.086312,2.8312,0.70883,0.20428,3.0054,8.2338,2192.2
4299,0,0.51058,633,1.38,1.34,2697,703.08,61,31.145,650,145,65,33.188,642,146,0.32867,0.92665,0.40328,0.10399,0.2053,642,147,237.13,121.07,0.16428,0.32433,0.023039,0.056666,443.06,6.3155,3.3705,8.0936,0.98894,0.89332,0.32016,7.278,1.4579,0.66623,-0.089252,0.67442,0.048505,3.2892,0.61589,0.095506,2.5997,5.1325,1827.8
4299,0,0.51058,633,1.38,1.34,3296,859.23,40,20.423,46,206,122,62.29,46,203,0.94406,0.96512,0.50526,0.10142,0.20247,48,199,288.22,147.16,0.16021,0.31987,0.043484,0.057715,528.07,4.3953,3.0449,5.5482,1.0759,0.90093,6.9573,9.5627,1.1807,0.78021,-0.15258,0.78096,0.046617,3.253,0.63711,0.08364,2.5354,5.0619,2178.5
4299,0,0.51058,633,1.38,1.34,3043,793.28,41,20.934,310,206,108,55.142,305,209,0.92187,0.9614,0.40454,0.12713,0.26635,309,201,251.8,128.56,0.20084,0.42077,0.042847,0.083287,611.15,5.7834,3.1103,7.2921,1.1855,0.94102,3.2342,10.443,1.2681,0.78345,-0.15451,0.78332,0.044768,3.3145,0.62266,0.088257,3.1783,6.6587,2521.2
4299,0,0.51058,633,1.38,1.34,4188,1091.8,47,23.997,187,219,114,58.206,189,217,0.90969,0.95621,0.34878,0.11918,0.26079,193,227,283.31,144.65,0.18828,0.41199,0.046598,0.077561,788.53,4.8773,7.0494,6.6827,1.402,0.92982,8.1517,10.22,1.0034,0.82119,-0.19874,0.81735,0.05031,3.1988,0.66836,0.092891,2.9796,6.5197,3253
4299,0,0.51058,633,1.38,1.34,3131,816.22,49,25.018,907,236,93,47.484,913,233,0.84899,0.87597,0.42336,0.096078,0.20913,908,234,260.32,132.91,0.15178,0.33038,-0.055764,0.05687,475.23,8.366,3.8408,10.882,0.76804,0.87177,-0.025221,4.0934,1.6973,0.41377,-0.029148,0.44942,0.060325,3.0877,0.59303,0.10078,2.4019,5.2283,1960.5
4299,0,0.51058,633,1.38,1.34,2157,562.31,25,12.764,738,258,112,57.185,738,259,0.97489,0.93402,0.56164,0.10753,0.21511,736,264,247.02,126.12,0.16987,0.33983,0.022615,0.063052,366.41,7.8428,3.0337,9.8982,1.2409,0.90685,2.8656,7.0307,2.6415,0.4538,-0.041857,0.50269,0.035604,3.529,0.50316,0.063715,2.6882,5.3778,1511.6
4299,0,0.51058,633,1.38,1.34,2214,577.16,33,16.849,114,294,97,49.526,112,297,0.9399,0.93187,0.44309,0.11321,0.21201,113,298,221.76,113.22,0.17885,0.33492,0.054739,0.071749,395.97,5.4955,2.8244,6.8538,1.1504,0.91928,8.1884,14.637,1.3581,0.83018,-0.17012,0.81927,0.038009,3.4396,0.60527,0.074877,2.8302,5.3002,1633.5
4299,0,0.51058,633,1.38,1.34,3074,801.36,40,20.423,152,340,96,49.015,150,337,0.90698,0.95221,0.29747,0.14676,0.26479,148,334,233.91,119.43,0.23185,0.41831,0.019056,0.09218,712.71,5.8741,4.5358,7.7146,1.3744,0.96544,-12.179,11.974,0.9062,0.85929,-0.16369,0.85038,0.055996,3.1688,0.69368,0.13523,3.6691,6.6198,2940.2
4299,0,0.51058,633,1.38,1.34,2683,699.43,51,26.039,850,347,80,40.846,855,341,0.76939,0.93024,0.37262,0.084045,0.17335,861,342,231,117.94,0.13277,0.27386,0.018536,0.042963,356.23,5.5337,3.1451,6.9697,0.90227,0.89162,9.0954,5.859,1.508,0.59061,-0.072171,0.60577,0.057495,3.1663,0.5965,0.12062,2.1011,4.3338,1469.6
4299,0,0.51058,633,1.38,1.34,2394,624.09,40,20.423,745,366,86,43.91,744,361,0.88363,0.93538,0.42144,0.093172,0.20796,738,360,226.71,115.75,0.14719,0.32853,0.030426,0.05429,352.38,5.5004,2.9034,6.8974,1.0001,0.89349,10.254,7.202,1.2554,0.70313,-0.12586,0.71267,0.055496,3.1684,0.62738,0.11737,2.3293,5.1989,1453.7
4299,0,0.51058,633,1.38,1.34,1497,390.25,41,20.934,952,363,47,23.997,949,365,0.48412,0.91812,0.20643,0.098584,0.18976,946,369,153.33,78.287,0.15574,0.29978,0.029529,0.048121,233.14,5.9405,3.1344,7.5607,0.84605,0.91602,0.079879,6.0626,1.8845,0.52573,-0.053317,0.55119,0.045087,3.3246,0.55656,0.091044,2.4646,4.7441,961.82
4299,0,0.51058,633,1.38,1.34,2547,663.97,34,17.36,666,377,108,55.142,662,378,0.94881,0.95045,0.53624,0.096883,0.20622,652,373,262.2,133.87,0.15305,0.32578,0.03392,0.054323,389.83,5.1967,3.2858,6.5902,1.2997,0.86418,12.004,7.9312,0.97788,0.78048,-0.16176,0.77793,0.061827,3.0635,0.66959,0.12604,2.4221,5.1555,1608.2
4299,0,0.51058,633,1.38,1.34,2051,534.67,34,17.36,444,388,89,45.441,448,385,0.9241,0.96996,0.45705,0.092211,0.16918,453,380,216.97,110.78,0.14567,0.26726,0.045218,0.048233,298.78,4.1063,2.6004,5.0195,1.2789,0.89838,12.072,11.092,0.92316,0.84633,-0.18587,0.83843,0.048523,3.2173,0.66952,0.090434,2.3053,4.2294,1232.6
4299,0,0.51058,633,1.38,1.34,2925,762.51,39,19.913,940,403,117,59.737,939,403,0.94151,0.92474,0.53763,0.10621,0.22975,949,397,281.63,143.79,0.16779,0.36295,-0.0027838,0.060436,490.8,6.6923,2.9332,8.3615,1.0019,0.83978,3.2789,5.9373,1.0734,0.69377,-0.10404,0.70629,0.06261,3.0319,0.65339,0.11831,2.6554,5.7437,2024.7
4299,0,0.51058,633,1.38,1.34,1841,479.93,35,17.87,748,452,69,35.23,747,450,0.85859,0.95955,0.24677,0.106,0.2301,747,454,174.31,88.997,0.16745,0.36351,0.053618,0.058707,308.28,5.4058,3.257,6.879,1.2988,0.93967,5.9163,7.7822,1.1045,0.75143,-0.1638,0.75641,0.054942,3.1494,0.64847,0.10563,2.6499,5.7526,1271.8
4299,0,0.51058,633,1.38,1.34,1488,387.9,38,19.402,190,485,46,23.487,190,483,0.54586,0.98124,0.049961,0.14461,0.27369,189,484,139.86,71.412,0.22845,0.43237,0.047368,0.10506,339.93,5.9953,7.4138,8.4157,1.9834,0.98643,-5.7725,16.422,1.5298,0.82957,-0.15466,0.81602,0.041359,3.465,0.61666,0.11405,3.6152,6.8423,1402.3
4299,0,0.51058,633,1.38,1.34,3051,795.36,47,23.997,698,532,85,43.399,698,531,0.8353,0.9365,0.23626,0.090717,0.16624,702,522,223.4,114.06,0.14331,0.26263,0.037832,0.041438,437.25,4.7008,3.1334,5.9291,1.0654,0.93824,-1.0367,7.0021,1.5543,0.6367,-0.082793,0.6555,0.047723,3.277,0.5966,0.080882,2.2679,4.1561,1803.8
4299,0,0.51058,633,1.38,1.34,2293,597.76,44,22.465,758,542,69,35.23,761,541,0.77169,0.94636,0.19469,0.1144,0.21198,762,545,188.44,96.215,0.18073,0.33489,0.025461,0.065376,414.42,5.2281,3.9933,6.8274,1.2136,0.94794,-2.0778,9.2729,1.308,0.75277,-0.11463,0.75731,0.04536,3.3075,0.62524,0.091344,2.8601,5.2996,1709.7
4299,0,0.51058,633,1.38,1.34,2592,675.71,43,21.955,969,547,91,46.462,967,547,0.87959,0.93556,0.42498,0.092844,0.16925,966,539,237.3,121.16,0.14667,0.26737,0.035527,0.043089,380.18,4.5035,3.0073,5.6762,1.0806,0.86742,4.3275,6.8964,1.6263,0.61835,-0.076738,0.64528,0.046797,3.3038,0.59278,0.0904,2.3211,4.2311,1568.4
4299,0,0.51058,633,1.38,1.34,3241,844.89,58,29.613,332,571,100,51.058,327,560,0.81421,0.96357,0.50951,0.10017,0.18592,334,563,287.07,146.57,0.15824,0.29372,0.048303,0.053141,512.86,4.125,3.1604,5.2427,1.3565,0.84736,5.0929,10.97,0.80654,0.86303,-0.20631,0.85697,0.054892,3.1349,0.69516,0.1098,2.5042,4.6481,2115.8
4299,0,0.51058,633,1.38,1.34,2531,659.8,48,24.508,988,703,74,37.783,989,698,0.75868,0.94482,0.28874,0.091239,0.19431,978,681,210.96,107.71,0.14414,0.30697,0.044404,0.044306,364.81,3.9783,4.039,5.1946,1.428,0.93322,5.7765,6.1313,1.039,0.71019,-0.13767,0.72119,0.064855,3.0107,0.66195,0.1325,2.281,4.8578,1505
4299,0,0.51058,633,1.38,1.34,2344,611.05,37,18.891,944,763,97,49.526,946,757,0.92475,0.96046,0.46751,0.089655,0.17296,944,763,234.27,119.61,0.14163,0.27323,0.036939,0.044663,331.99,4.4727,2.9097,5.586,1.156,0.86114,2.9935,7.0156,1.8038,0.59095,-0.070827,0.60959,0.043295,3.3437,0.56579,0.069302,2.2414,4.3239,1369.6
4299,0,0.51058,633,1.38,1.34,2999,781.81,58,29.613,736,849,72,36.762,736,852,0.59027,0.95608,0.29617,0.11438,0.19654,729,846,230.28,117.58,0.18069,0.3105,0.048051,0.061251,541.9,4.6732,4.2811,6.1167,1.3758,0.91974,-9.2932,11.641,1.2638,0.80414,-0.13703,0.80055,0.044866,3.3488,0.64251,0.092428,2.8595,4.9136,2235.6
4299,0,0.51058,633,1.38,1.34,3815,994.53,68,34.719,46,868,69,35.23,48,867,0.14249,0.96735,0.11658,0.12733,0.26752,50,865,232.6,118.76,0.20116,0.42262,0.043807,0.082234,767.42,4.3948,3.0347,5.5434,0.99918,0.96785,4.2579,10.798,0.74923,0.87023,-0.23052,0.86371,0.057005,3.0779,0.70605,0.10293,3.1833,6.688,3165.9
4299,0,0.51058,633,1.38,1.34,2087,544.06,51,26.039,950,926,54,27.571,951,924,0.35191,0.95944,0.19029,0.095047,0.17212,950,925,178.51,91.143,0.15015,0.27192,0.055046,0.052624,313.37,3.8812,3.6117,5.0046,1.3417,0.9259,12.315,13.419,1.3466,0.81759,-0.16738,0.80947,0.037539,3.4471,0.61077,0.067358,2.3762,4.3031,1292.8
4299,0,0.51058,633,1.38,1.34,2313,602.97,46,23.487,102,953,62,31.656,103,953,0.66617,0.96787,0.075004,0.11656,0.19663,88,958,176.74,90.24,0.18414,0.31064,0.043744,0.063463,425.92,4.5854,3.0149,5.8061,1.2383,0.97649,-9.6998,12.543,1.2345,0.82079,-0.1368,0.8098,0.043776,3.3295,0.62692,0.077562,2.9141,4.9158,1757.1
4300,0,0.51058,633,1.38,1.34,2809,732.27,46,23.487,218,42,85,43.399,213,43,0.8432,0.95036,0.29807,0.12703,0.22826,213,38,223.44,114.08,0.20069,0.36061,0.020611,0.068819,563.73,4.7326,6.7262,6.5124,1.5463,0.94199,-1.7228,9.0159,0.86728,0.82449,-0.14461,0.8235,0.058492,3.0785,0.69501,0.11921,3.1759,5.7066,2325.6
4300,0,0.51058,633,1.38,1.34,1952,508.86,40,20.423,959,112,67,34.209,956,115,0.79983,0.8693,0.40973,0.11244,0.2562,953,116,202.88,103.59,0.17762,0.40474,0.0083492,0.063916,346.72,8.0348,4.1179,10.462,0.77964,0.85955,4.2311,5.5151,1.3384,0.60942,-0.088676,0.64615,0.060441,3.0843,0.62594,0.10809,2.8109,6.405,1430.4
4300,0,0.51058,633,1.38,1.34,1931,503.39,48,24.508,287,125,51,26.039,287,125,0.35915,0.95297,0.16641,0.11899,0.20507,285,117,169.7,86.646,0.18798,0.32396,0.013111,0.062483,362.99,5.274,4.4125,7.0085,1.3275,0.93406,-0.80484,8.604,1.2353,0.7489,-0.1082,0.77278,0.057796,3.1257,0.67399,0.1205,2.9748,5.1266,1497.5
4300,0,0.51058,633,1.38,1.34,2001,521.64,40,20.423,208,165,67,34.209,207,169,0.79938,0.94868,0.21018,0.10682,0.19942,196,168,177.59,90.675,0.16875,0.31504,0.063521,0.049822,337.66,4.7481,5.1903,6.6738,1.4465,0.9609,5.7132,8.3406,1.187,0.75083,-0.14351,0.76095,0.054231,3.2169,0.66238,0.12791,2.6704,4.9855,1393
4300,0,0.51058,633,1.38,1.34,765,199.43,16,8.1692,778,186,60,30.635,778,184,0.963,0.95395,0.47816,0.11827,0.31007,777,179,134.83,68.841,0.18685,0.48984,0.014849,0.073995,142.94,10.638,4.5197,14.26,1.7183,0.92249,3.9566,4.5607,1.928,0.40574,-0.059534,0.51941,0.056961,3.0992,0.55535,0.08794,2.9568,7.7517,589.67
4300,0,0.51058,633,1.38,1.34,1718,447.86,35,17.87,579,253,74,37.783,577,253,0.87992,0.97458,0.3107,0.20146,0.46245,574,250,176.42,90.075,0.31827,0.73057,0.024296,0.17586,546.79,9.8859,3.7884,13.118,1.2307,0.94215,10.412,13.811,1.5126,0.80258,-0.16115,0.79604,0.039691,3.458,0.60852,0.10596,5.0366,11.561,2255.7
4300,0,0.51058,633,1.38,1.34,1557,405.89,38,19.402,937,330,55,28.082,937,330,0.73102,0.91021,0.20167,0.11401,0.21594,927,326,156.33,79.82,0.18012,0.34114,0.034428,0.061126,280.44,7.0726,3.7656,9.1402,0.66165,0.93863,5.603,8.0233,1.9484,0.60922,-0.073273,0.63031,0.040058,3.4453,0.57809,0.073971,2.8504,5.3986,1156.9
4300,0,0.51058,633,1.38,1.34,1283,334.46,37,18.891,897,340,47,23.997,897,342,0.62454,0.89747,0.26746,0.098337,0.19223,908,338,147.59,75.356,0.15535,0.30368,0.012895,0.050229,199.32,7.0663,4.3207,9.4675,0.80843,0.92393,5.3493,5.9194,1.9931,0.49622,-0.05398,0.56337,0.050859,3.2857,0.58382,0.10372,2.4584,4.8057,822.26
4300,0,0.51058,633,1.38,1.34,622,162.15,25,12.764,919,426,29,14.807,918,425,0.47204,0.95435,0.079587,0.11969,0.28659,913,427,91.735,46.838,0.18908,0.45276,0.047115,0.079,117.61,8.4936,4.9997,11.357,1.8295,0.97521,19.449,8.6867,1.5308,0.70035,-0.1457,0.71764,0.053592,3.2487,0.58844,0.1028,2.9922,7.1649,485.18
4300,0,0.51058,633,1.38,1.34,3075,801.62,40,20.423,383,462,118,60.248,380,458,0.93999,0.93917,0.54077,0.11844,0.23116,386,460,288.26,147.18,0.18712,0.36519,0.067446,0.063526,575.38,4.2953,4.7112,5.6625,1.6353,0.82418,7.4061,10.93,0.62959,0.89107,-0.27313,0.88738,0.061812,3.027,0.74906,0.10985,2.9611,5.7791,2373.7
4300,0,0.51058,633,1.38,1.34,2719,708.81,58,29.613,441,491,68,34.719,438,486,0.51812,0.93396,0.27107,0.13895,0.29064,450,484,215.37,109.96,0.2195,0.45915,0.057333,0.094676,596.83,4.7503,3.3649,6.193,1.1233,0.9077,15.098,13.043,0.85028,0.8776,-0.24249,0.86999,0.052969,3.1869,0.69442,0.12152,3.4737,7.2661,2462.2
4300,0,0.51058,633,1.38,1.34,4158,1083.9,64,32.677,374,522,86,43.91,376,526,0.65577,0.90459,0.215,0.12867,0.27327,369,527,257.81,131.63,0.20327,0.43171,0.059564,0.075797,845.21,3.8985,3.4744,5.0789,0.84038,0.93476,7.5373,9.8619,0.58809,0.88745,-0.27997,0.88329,0.072389,2.9209,0.75311,0.15488,3.2168,6.8319,3486.8
4300,0,0.51058,633,1.38,1.34,1500,391.03,37,18.891,788,558,49,25.018,788,560,0.65726,0.97518,0.17316,0.13284,0.27141,786,563,150.29,76.734,0.20986,0.42877,0.065992,0.085065,314.79,5.3513,3.0367,6.8191,1.4141,0.94244,19.749,12.651,1.1828,0.82899,-0.20006,0.82751,0.042424,3.344,0.61999,0.088083,3.321,6.7852,1298.6
4300,0,0.51058,633,1.38,1.34,2220,578.73,30,15.317,492,562,93,47.484,493,568,0.94504,0.96768,0.42749,0.13437,0.29795,498,578,219.28,111.96,0.21228,0.47069,0.058877,0.09342,471.25,5.7658,3.7811,7.4218,1.5513,0.9263,18.317,11.742,1.3853,0.78894,-0.17884,0.78991,0.056113,3.3016,0.63734,0.16994,3.3593,7.4487,1944.1
4300,0,0.51058,633,1.38,1.34,3966,1033.9,57,29.103,389,581,92,46.973,385,579,0.77994,0.90232,0.312,0.11502,0.20143,383,582,268.35,137.01,0.1817,0.31822,0.070681,0.059095,720.63,3.325,3.331,4.2175,1.1136,0.91329,8.7844,13.468,0.66977,0.90525,-0.25852,0.90041,0.052752,3.1429,0.73111,0.097768,2.8755,5.0358,2972.9
4300,0,0.51058,633,1.38,1.34,3327,867.31,62,31.656,432,622,68,34.719,434,623,0.41047,0.95404,0.1282,0.14929,0.32997,431,628,218.02,111.31,0.23585,0.52128,0.05686,0.10035,784.67,4.1572,3.9594,5.4628,1.3668,0.95664,11.29,11.018,0.59432,0.89764,-0.28894,0.8901,0.065463,2.9776,0.74574,0.14331,3.7323,8.2493,3237.1
4300,0,0.51058,633,1.38,1.34,1852,482.8,28,14.296,834,643,90,45.952,835,646,0.95044,0.96652,0.44625,0.1294,0.24253,834,659,202.75,103.52,0.20442,0.38315,-0.0071101,0.073274,378.59,6.6965,4.0272,8.736,1.3662,0.92534,-0.99901,6.5215,1.6486,0.59644,-0.067522,0.65171,0.051726,3.1845,0.59235,0.10915,3.235,6.0633,1561.8
4300,0,0.51058,633,1.38,1.34,1373,357.93,33,16.849,654,684,55,28.082,655,684,0.8,0.99167,0.16085,0.20152,0.42829,659,684,142.73,72.874,0.31836,0.67661,0.054508,0.15542,437.11,8.3168,3.0168,10.126,1.4545,0.99344,14.688,14.588,0.86703,0.8878,-0.24043,0.8803,0.043781,3.2718,0.67506,0.084186,5.038,10.707,1803.2
4300,0,0.51058,633,1.38,1.34,2215,577.43,56,28.592,766,670,67,34.209,761,680,0.54692,0.96153,0.38408,0.13299,0.23022,763,686,211.51,107.99,0.2101,0.36369,0.061026,0.073082,465.37,4.3896,2.9022,5.4785,1.0106,0.90313,-3.236,12.535,1.2284,0.8215,-0.1548,0.82447,0.043556,3.3458,0.63941,0.08209,3.3248,5.7554,1919.8
4300,0,0.51058,633,1.38,1.34,1615,421.01,38,19.402,772,720,58,29.613,770,717,0.75214,0.94814,0.24196,0.13039,0.21851,766,714,163.46,83.458,0.20599,0.3452,0.059202,0.06685,332.67,4.6167,3.8044,6.0136,1.3751,0.93751,-4.8636,12.126,1.248,0.81337,-0.13873,0.80682,0.042227,3.3654,0.62425,0.091823,3.2598,5.4628,1372.4
4300,0,0.51058,633,1.38,1.34,1548,403.55,35,17.87,395,741,54,27.571,395,740,0.76183,0.98003,0.09887,0.11653,0.20228,389,740,146.24,74.667,0.18409,0.31956,0.074926,0.055108,284.97,4.2397,3.1206,5.3115,1.3866,0.97459,1.165,11.522,1.0696,0.83011,-0.18235,0.83281,0.047383,3.2768,0.67078,0.09325,2.9132,5.057,1175.6
4300,0,0.51058,633,1.38,1.34,1781,464.29,36,18.381,597,740,67,34.209,593,742,0.84074,0.98432,0.28931,0.1704,0.35816,601,740,176.81,90.273,0.26919,0.56582,0.048035,0.11823,479.42,6.6457,2.9885,8.2741,1.3456,0.94477,6.8306,11.897,0.69565,0.88951,-0.24636,0.88447,0.059312,3.0479,0.70797,0.12681,4.2599,8.9541,1977.8
4300,0,0.51058,633,1.38,1.34,2261,589.42,31,15.828,901,812,94,47.994,899,812,0.94233,0.95311,0.4046,0.13447,0.25825,900,809,217.77,111.19,0.21243,0.40798,0.04072,0.07817,480.3,5.8275,3.1287,7.3572,1.2011,0.92875,0.94692,8.8795,1.8033,0.66239,-0.091821,0.68994,0.040255,3.3957,0.56979,0.085224,3.3617,6.4562,1981.4
4300,0,0.51058,633,1.38,1.34,3995,1041.5,65,33.188,975,840,93,47.484,967,839,0.71926,0.93422,0.30075,0.12483,0.24921,969,845,267.42,136.54,0.1972,0.3937,0.039304,0.071657,787.81,5.211,3.4265,6.6397,1.003,0.92192,6.9845,9.0383,1.2074,0.76431,-0.13539,0.76267,0.047335,3.2436,0.63517,0.079665,3.1207,6.2303,3250
4300,0,0.51058,633,1.38,1.34,3642,949.43,62,31.656,137,856,86,43.91,135,851,0.68865,0.95629,0.38916,0.10554,0.17832,140,846,272.43,139.1,0.16672,0.2817,0.065771,0.043812,607.21,3.7103,3.6558,4.8145,1.4064,0.86255,-0.092378,8.6678,1.2164,0.75387,-0.12713,0.76267,0.049268,3.2649,0.64064,0.10192,2.6384,4.458,2505
4300,0,0.51058,633,1.38,1.34,2042,532.33,46,23.487,709,887,70,35.74,700,886,0.75836,0.96161,0.3334,0.12407,0.21931,699,887,195.09,99.611,0.196,0.34646,0.062611,0.069224,400.24,5.3134,3.0441,6.6801,1.3087,0.93142,0.30049,13.11,1.2289,0.82859,-0.1598,0.81745,0.042052,3.3741,0.6373,0.078059,3.1017,5.4827,1651.1
4300,0,0.51058,633,1.38,1.34,1490,388.43,24,12.254,302,921,80,40.846,300,922,0.9517,0.98142,0.44165,0.13411,0.24369,303,916,181.89,92.867,0.21187,0.38497,0.064513,0.081467,315.69,6.404,2.5873,7.8248,1.4285,0.93812,8.9042,14.199,1.7627,0.77914,-0.13614,0.78392,0.032143,3.5542,0.54528,0.056068,3.3528,6.0922,1302.3
4300,0,0.51058,633,1.38,1.34,1466,382.17,29,14.807,501,941,68,34.719,503,936,0.90347,0.97044,0.34788,0.13028,0.21933,510,938,167.01,85.273,0.20582,0.34649,0.030671,0.072478,301.73,6.397,2.7478,7.9263,1.3467,0.92228,-0.77417,11.259,1.5632,0.75616,-0.10532,0.76495,0.039856,3.3905,0.60902,0.075862,3.2571,5.4832,1244.8
4301,0,0.51058,633,1.38,1.34,3268,851.93,53,27.061,604,42,95,48.505,607,47,0.83127,0.93131,0.39845,0.11009,0.27116,612,46,261.72,133.63,0.17391,0.42837,0.040028,0.062116,568.34,5.5129,6.3235,7.4263,1.2765,0.91388,8.9976,6.0984,0.62223,0.81483,-0.22616,0.81011,0.089624,2.7237,0.74716,0.16428,2.7522,6.7789,2344.6
4301,0,0.51058,633,1.38,1.34,3066,799.27,54,27.571,521,68,70,35.74,519,68,0.62422,0.93304,0.21598,0.12006,0.24435,517,70,220.7,112.68,0.18966,0.38603,0.0089119,0.061847,581.51,5.393,5.6393,7.3071,1.1624,0.9365,-0.29823,6.0513,0.70556,0.79116,-0.14743,0.7984,0.081449,2.7972,0.72733,0.16389,3.0014,6.1089,2399
4301,0,0.51058,633,1.38,1.34,1812,472.37,30,15.317,766,73,85,43.399,767,76,0.93489,0.92886,0.42459,0.12236,0.24816,773,76,198.22,101.21,0.19329,0.39204,-0.024127,0.068822,350.25,8.1302,4.1997,10.557,1.2025,0.93904,1.8376,5.7162,1.1574,0.66323,-0.082047,0.68371,0.061408,3.0414,0.63345,0.12142,3.0589,6.2041,1444.9
4301,0,0.51058,633,1.38,1.34,1995,520.07,41,20.934,894,82,66,33.698,893,79,0.78216,0.90678,0.27989,0.10897,0.23206,891,85,186.14,95.041,0.17215,0.36661,0.03677,0.054831,343.43,7.601,3.5373,9.6905,1.0564,0.92809,2.8294,5.4894,1.5392,0.56203,-0.074165,0.58974,0.054397,3.163,0.5951,0.10265,2.7242,5.8016,1416.8
4301,0,0.51058,633,1.38,1.34,1656,431.7,26,13.275,650,160,84,42.888,650,158,0.95088,0.96748,0.43082,0.16304,0.30574,655,160,190.53,97.281,0.25756,0.48299,0.055453,0.10994,426.52,8.8973,2.6688,10.917,1.4041,0.96808,-7.9411,13.582,2.0958,0.73265,-0.11279,0.74861,0.040312,3.5038,0.56556,0.090141,4.0759,7.6434,1759.6
4301,0,0.51058,633,1.38,1.34,1754,457.25,22,11.233,513,159,116,59.227,512,166,0.98185,0.96913,0.63484,0.15764,0.30749,513,175,247.48,126.36,0.24903,0.48576,-0.0084848,0.10256,436.8,11.072,2.873,13.499,1.3037,0.93971,-1.0493,8.1353,2.094,0.5906,-0.078576,0.68474,0.049277,3.3027,0.57411,0.12384,3.9409,7.6872,1802
4301,0,0.51058,633,1.38,1.34,3007,783.89,60,30.635,714,170,70,35.74,720,168,0.52499,0.93357,0.26993,0.12517,0.2247,722,176,226.95,115.88,0.19775,0.35497,0.034703,0.067155,594.63,5.7439,4.9183,7.6003,1.4517,0.94002,1.0677,9.6525,1.0855,0.79783,-0.13461,0.79704,0.046582,3.2343,0.64768,0.07325,3.1294,5.6174,2453.1
4301,0,0.51058,633,1.38,1.34,2135,556.57,39,19.913,847,195,73,37.272,847,197,0.84113,0.92943,0.21892,0.11902,0.28178,851,193,184.72,94.313,0.18802,0.44516,-0.010993,0.063919,401.43,7.267,9.6922,10.603,2.0611,0.95875,0.92435,3.9043,1.0652,0.57131,-0.089768,0.65248,0.087602,2.7716,0.6909,0.17983,2.9755,7.0446,1656.1
4301,0,0.51058,633,1.38,1.34,2618,682.48,49,25.018,690,263,65,33.188,690,261,0.65891,0.9365,0.13431,0.11752,0.24038,689,255,194.28,99.194,0.18566,0.37974,0.06285,0.062002,486.06,6.1616,4.3703,8.166,1.1637,0.9624,4.6519,8.2167,1.3418,0.71924,-0.1426,0.73633,0.055524,3.2237,0.62063,0.13049,2.9381,6.0094,2005.2
4301,0,0.51058,633,1.38,1.34,1821,474.71,29,14.807,294,325,84,42.888,299,328,0.93896,0.95975,0.43123,0.091256,0.17461,305,320,198.32,101.26,0.14416,0.27584,0.07745,0.032585,262.52,4.7166,3.8396,6.1193,1.5967,0.91444,8.2777,5.9942,1.0716,0.69669,-0.15239,0.70702,0.067771,2.9733,0.65455,0.10878,2.2814,4.3652,1083
4301,0,0.51058,633,1.38,1.34,2536,661.11,46,23.487,247,391,73,37.272,244,390,0.76683,0.9732,0.17021,0.12184,0.24384,244,398,195.44,99.787,0.19247,0.38521,0.071019,0.068216,488.11,3.9188,4.0012,5.2257,1.5221,0.9708,8.0911,10.832,0.8556,0.85359,-0.23128,0.85125,0.051862,3.1416,0.6687,0.096412,3.0459,6.096,2013.7
4301,0,0.51058,633,1.38,1.34,2155,561.78,46,23.487,109,404,60,30.635,109,402,0.65378,0.97725,0.18966,0.092593,0.1538,109,402,181.52,92.68,0.14628,0.24297,0.078207,0.032452,315.23,2.9216,3.2222,3.7245,1.4747,0.95449,1.2892,8.4491,0.93225,0.80125,-0.17658,0.80665,0.056472,3.1091,0.67159,0.1183,2.3148,3.8449,1300.4
4301,0,0.51058,633,1.38,1.34,3623,944.48,51,26.039,529,440,91,46.462,532,438,0.825,0.96823,0.20197,0.14409,0.27353,537,437,238.31,121.68,0.22762,0.43211,0.054919,0.095033,824.68,4.3436,3.9767,5.6949,1.4237,0.96817,12.08,14.691,0.91821,0.88235,-0.21458,0.87362,0.045218,3.2848,0.68418,0.08209,3.6022,6.8382,3402.2
4301,0,0.51058,633,1.38,1.34,1650,430.14,35,17.87,348,461,67,34.209,357,462,0.85271,0.95783,0.36563,0.11698,0.21593,366,456,181.04,92.434,0.1848,0.34113,0.076071,0.057364,304.92,4.7127,4.9371,6.4878,1.9,0.93091,8.9175,11.014,0.87059,0.85349,-0.2295,0.8549,0.053816,3.1749,0.69098,0.13007,2.9245,5.3984,1257.9
4301,0,0.51058,633,1.38,1.34,954,248.7,35,17.87,400,460,37,18.891,395,461,0.28511,0.9853,0.20744,0.11244,0.24401,392,460,122.15,62.368,0.17763,0.38548,0.081563,0.06647,169.46,3.6038,8.0891,5.3396,2.3469,0.9561,26.601,11.708,0.71326,0.88515,-0.34456,0.87926,0.072598,2.9624,0.73369,0.1374,2.8111,6.1002,699.1
4301,0,0.51058,633,1.38,1.34,2404,626.7,27,13.786,603,524,134,68.417,606,520,0.97856,0.95526,0.64626,0.12869,0.21496,611,516,290.13,148.13,0.20331,0.33959,0.050912,0.061654,488.75,5.5886,2.9698,7.0409,1.4272,0.8761,-0.19452,8.6019,1.9248,0.6343,-0.079327,0.69009,0.042093,3.4183,0.56735,0.084075,3.2173,5.3741,2016.3
4301,0,0.51058,633,1.38,1.34,1757,458.03,34,17.36,558,518,65,33.188,558,517,0.84683,0.92873,0.31521,0.17116,0.3367,563,518,178.26,91.016,0.27039,0.5319,0.0071247,0.11271,475.08,8.7923,3.3788,11.504,1.2569,0.87134,2.5299,10.106,0.96941,0.82495,-0.15464,0.82701,0.050538,3.2121,0.67634,0.095506,4.2789,8.4174,1959.9
4301,0,0.51058,633,1.38,1.34,2423,631.65,48,24.508,71,537,64,32.677,72,539,0.65479,0.98593,0.11118,0.15285,0.28542,72,539,184.25,94.073,0.24146,0.4509,0.060036,0.10449,585.06,4.4226,3.5688,5.8028,1.5948,0.98543,8.5604,16.913,0.76279,0.91369,-0.24433,0.9005,0.049451,3.1884,0.69638,0.10582,3.8211,7.1355,2413.6
4301,0,0.51058,633,1.38,1.34,3085,804.22,57,29.103,548,563,72,36.762,552,565,0.61344,0.93011,0.33202,0.12297,0.2353,563,571,240.27,122.68,0.19427,0.37172,0.057007,0.065551,599.33,4.3643,3.3673,5.6326,1.1393,0.90013,1.7453,10.291,0.6699,0.87777,-0.22929,0.87232,0.0631,3.0149,0.72996,0.12829,3.0744,5.8824,2472.5
4301,0,0.51058,633,1.38,1.34,2659,693.17,36,18.381,460,591,106,54.121,459,592,0.94043,0.96171,0.45584,0.10828,0.1981,464,588,246.93,126.08,0.17106,0.31295,0.074185,0.049907,454.86,4.4096,3.4678,5.6429,1.5096,0.91788,6.925,9.6559,1.126,0.79113,-0.16842,0.79348,0.048883,3.2685,0.64321,0.096694,2.7071,4.9524,1876.5
4301,0,0.51058,633,1.38,1.34,2246,585.51,44,22.465,704,598,64,32.677,705,596,0.71647,0.92061,0.17289,0.097701,0.20895,705,595,184.74,94.325,0.15435,0.33009,0.033874,0.051405,346.66,5.9105,4.5094,8.0384,1.3136,0.95397,8.9123,6.282,1.4995,0.6146,-0.090001,0.63687,0.060978,3.1543,0.63303,0.14907,2.4425,5.2236,1430.1
4301,0,0.51058,633,1.38,1.34,1750,456.21,36,18.381,583,624,55,28.082,585,625,0.75238,0.95743,0.139,0.10322,0.18167,586,624,159.2,81.286,0.16307,0.287,0.06979,0.046159,285.37,4.3257,5.3944,6.0031,1.5923,0.97096,4.7612,9.6864,1.5727,0.72063,-0.13537,0.75275,0.045325,3.3824,0.63631,0.082873,2.5805,4.5418,1177.3
4301,0,0.51058,633,1.38,1.34,3750,977.58,51,26.039,534,702,95,48.505,534,703,0.84322,0.95499,0.23649,0.12368,0.24534,538,699,247.68,126.46,0.19538,0.38758,0.06988,0.069413,732.68,3.9568,4.4169,5.2417,1.5102,0.95783,11.527,11.185,0.7018,0.88192,-0.25858,0.87365,0.061107,3.056,0.7233,0.13772,3.0919,6.1335,3022.6
4301,0,0.51058,633,1.38,1.34,1698,442.65,31,15.828,219,704,69,35.23,224,706,0.89405,0.98001,0.23919,0.15362,0.27223,236,709,167.03,85.28,0.24268,0.43006,0.047277,0.091091,412.08,6.6755,2.9621,8.4061,1.4734,0.99078,-5.8116,12.372,0.94266,0.8584,-0.17436,0.85566,0.049686,3.2397,0.6799,0.10523,3.8405,6.8057,1700
4301,0,0.51058,633,1.38,1.34,2581,672.84,47,23.997,38,712,75,38.293,41,710,0.77842,0.97695,0.18145,0.12772,0.24076,46,716,199.2,101.7,0.20178,0.38034,0.074705,0.074398,520.79,3.7129,3.5775,4.8289,1.5185,0.98507,9.6042,13.614,1.0399,0.85807,-0.21017,0.84904,0.046117,3.2859,0.65839,0.095966,3.1931,6.0189,2148.5
4301,0,0.51058,633,1.38,1.34,1381,360.01,33,16.849,857,746,48,24.508,857,745,0.70983,0.98989,0.04133,0.20755,0.41742,857,743,133.66,68.242,0.32788,0.65943,0.0076106,0.14507,452.8,9.8117,3.9814,12.526,1.4903,0.99652,-5.9671,10.378,1.0032,0.82371,-0.1697,0.8437,0.055545,3.1659,0.67804,0.13023,5.1887,10.435,1868
4301,0,0.51058,633,1.38,1.34,2564,668.41,57,29.103,470,742,59,30.124,473,744,0.21583,0.96322,0.15466,0.14591,0.34053,462,748,194.55,99.335,0.2305,0.53796,0.070211,0.098658,591.01,4.8046,7.774,6.6778,1.9964,0.95187,7.5393,10.63,0.71381,0.87415,-0.30123,0.87315,0.060876,2.9803,0.7149,0.10335,3.6477,8.5132,2438.2
4301,0,0.51058,633,1.38,1.34,5875,1531.5,86,43.91,599,772,88,44.931,599,774,0.17213,0.95441,0.22249,0.15897,0.36896,610,767,307.12,156.81,0.25114,0.58288,0.06884,0.11092,1475.4,5.0014,5.6427,6.955,1.6326,0.91597,13.632,11.355,0.61238,0.89766,-0.32427,0.89244,0.066286,2.975,0.7568,0.12305,3.9743,9.2241,6086.8
4301,0,0.51058,633,1.38,1.34,1472,383.73,39,19.913,206,777,46,23.487,207,774,0.51597,0.96148,0.061015,0.1865,0.34084,200,770,140.17,71.567,0.29463,0.53844,0.056044,0.13259,433.69,8.7011,3.2609,11.061,1.3472,0.97629,-18.336,15.787,1.8404,0.79119,-0.13689,0.80209,0.039868,3.4926,0.59993,0.088102,4.6625,8.5209,1789.2
4301,0,0.51058,633,1.38,1.34,3228,841.5,62,31.656,347,814,64,32.677,345,815,0.21849,0.98206,0.12903,0.14003,0.2858,348,815,214.83,109.69,0.22122,0.45149,0.070082,0.08853,714.09,3.7924,4.2509,5.0578,1.5997,0.96489,3.9945,12.944,0.61107,0.90984,-0.29395,0.89886,0.05937,3.0277,0.74243,0.10845,3.5008,7.1449,2945.9
4301,0,0.51058,633,1.38,1.34,2041,532.07,37,18.891,180,813,75,38.293,182,814,0.86984,0.94736,0.29987,0.1042,0.18835,189,815,190.85,97.446,0.16462,0.29755,0.066553,0.051541,335.98,3.4268,3.2812,4.3976,1.4773,0.91996,15.839,11.783,0.68698,0.88982,-0.24622,0.88134,0.064975,3.0466,0.73276,0.14063,2.6051,4.7087,1386.1
4301,0,0.51058,633,1.38,1.34,2534,660.59,41,20.934,99,833,90,45.952,99,838,0.88735,0.98018,0.32295,0.12016,0.2127,94,835,216.08,110.32,0.18983,0.33602,0.0801,0.060863,481.03,3.7758,2.9608,4.7365,1.4962,0.96356,2.8863,12.959,0.87357,0.8737,-0.23123,0.87351,0.047752,3.2308,0.67433,0.11163,3.004,5.3176,1984.4
4301,0,0.51058,633,1.38,1.34,1429,372.52,33,16.849,576,849,56,28.592,575,847,0.80855,0.97669,0.13296,0.16106,0.31469,570,849,143.83,73.438,0.25443,0.49714,0.031816,0.10939,363.59,6.6396,3.2547,8.6222,1.4916,0.99229,3.0568,12.248,1.0568,0.84114,-0.17005,0.83823,0.044061,3.2889,0.64935,0.075211,4.0264,7.8672,1499.9
4301,0,0.51058,633,1.38,1.34,1182,308.13,32,16.338,216,864,65,33.188,216,867,0.86368,0.97717,0.46168,0.13787,0.30232,220,877,164.72,84.104,0.2178,0.4776,0.05408,0.093658,257.45,5.5533,7.1749,7.9886,2.2627,0.80334,14.375,11.171,1.0101,0.83415,-0.2261,0.85043,0.064753,3.1476,0.70302,0.15625,3.4468,7.5581,1062.1
4301,0,0.51058,633,1.38,1.34,1930,503.13,31,15.828,174,902,86,43.91,176,897,0.92928,0.98211,0.46677,0.13939,0.23747,189,887,210.73,107.6,0.22021,0.37515,0.066457,0.073539,425.01,5.1052,2.373,6.0878,1.3802,0.87798,-1.9039,12.314,1.0348,0.84497,-0.17959,0.85827,0.047492,3.236,0.65643,0.095017,3.4849,5.9367,1753.3
4301,0,0.51058,633,1.38,1.34,1745,454.9,33,16.849,802,944,63,32.166,803,943,0.84966,0.98467,0.146,0.13381,0.23095,802,942,160.6,81.998,0.21139,0.36485,0.060303,0.078398,368.87,4.6894,2.8965,5.882,1.3784,0.98836,1.3069,15.026,0.90514,0.88637,-0.20152,0.87789,0.043782,3.2924,0.68182,0.078947,3.3452,5.7738,1521.7
4302,0,0.51058,633,1.38,1.34,2434,634.52,44,22.465,774,39,78,39.825,774,40,0.82343,0.9059,0.26742,0.10855,0.24882,776,39,203.24,103.77,0.17148,0.39308,-0.030446,0.069001,417.38,4.9988,4.5531,6.6637,0.79865,0.92607,2.1866,5.7062,0.99301,0.70355,-0.11182,0.73098,0.073601,2.9474,0.69303,0.14723,2.7137,6.2204,1721.9
4302,0,0.51058,633,1.38,1.34,3317,864.7,51,26.039,436,67,90,45.952,439,63,0.82395,0.94333,0.30658,0.10964,0.24107,441,66,243.08,124.11,0.1732,0.38083,0.034955,0.078478,574.51,3.3304,3.6624,4.3383,1.0705,0.92711,17.532,12.196,0.87993,0.86541,-0.22674,0.85326,0.057731,3.1672,0.69266,0.1523,2.7409,6.0267,2370.1
4302,0,0.51058,633,1.38,1.34,1533,399.64,24,12.254,928,135,85,43.399,929,135,0.95893,0.92305,0.52079,0.10638,0.21415,930,132,198.75,101.48,0.16806,0.33831,0.01218,0.06195,257.64,5.1683,2.7237,6.3917,1.3164,0.87549,4.4334,7.0536,1.9178,0.57246,-0.062749,0.60011,0.042908,3.3556,0.56639,0.069254,2.6596,5.3537,1062.9
4302,0,0.51058,633,1.38,1.34,3404,887.38,58,29.613,743,145,71,36.251,744,142,0.57371,0.92024,0.21652,0.10633,0.26098,745,142,232.9,118.91,0.16797,0.41229,0.023876,0.063043,571.77,3.9095,4.8807,5.1309,1.2174,0.93876,3.9395,5.7764,0.875,0.7369,-0.16001,0.75048,0.077082,2.8675,0.70366,0.1461,2.6581,6.5245,2358.8
4302,0,0.51058,633,1.38,1.34,2990,779.46,43,21.955,67,170,98,50.037,68,169,0.89818,0.96996,0.3827,0.095761,0.17597,58,166,244.83,125,0.15128,0.278,0.046444,0.051095,452.33,2.2926,4.2476,2.9955,1.5179,0.90593,4.5266,11.273,0.76624,0.87271,-0.21562,0.86876,0.055652,3.1139,0.71222,0.1137,2.394,4.3994,1866
4302,0,0.51058,633,1.38,1.34,1544,402.5,31,15.828,927,192,61,31.145,925,191,0.8567,0.93528,0.2433,0.11181,0.22986,923,196,160.13,81.759,0.17664,0.36314,0.023505,0.075896,272.73,4.5032,3.1544,5.7463,1.1664,0.93658,10.028,10.887,1.814,0.71434,-0.10747,0.71609,0.0375,3.484,0.56752,0.085609,2.7953,5.7466,1125.1
4302,0,0.51058,633,1.38,1.34,5849,1524.8,67,34.209,676,218,145,74.034,671,212,0.88431,0.94288,0.46606,0.13944,0.39596,667,199,369.49,188.65,0.22029,0.62553,0.041409,0.12333,1288.5,3.8552,10.343,5.5254,1.8412,0.85841,21.779,11.018,0.64329,0.88967,-0.34414,0.87289,0.072636,2.9263,0.74847,0.15187,3.486,9.8991,5315.4
4302,0,0.51058,633,1.38,1.34,2159,562.83,45,22.976,770,222,69,35.23,763,224,0.75921,0.9389,0.3523,0.10128,0.2211,758,226,203.51,103.91,0.16,0.34929,0.035893,0.061803,345.45,3.5855,4.5992,4.8306,1.4927,0.88575,8.2479,8.4939,1.1861,0.75493,-0.1535,0.76126,0.054845,3.2009,0.66036,0.10815,2.5321,5.5275,1425.1
4302,0,0.51058,633,1.38,1.34,2736,713.24,54,27.571,602,760,72,36.762,599,758,0.66144,0.96955,0.26105,0.098996,0.20191,595,757,215.31,109.93,0.15639,0.31897,0.053653,0.056475,427.89,2.2979,3.7474,3.044,1.5085,0.92133,8.7575,10.38,0.91494,0.838,-0.21654,0.83621,0.051665,3.1781,0.6818,0.09539,2.4749,5.0477,1765.2
4302,0,0.51058,633,1.38,1.34,2736,713.24,58,29.613,498,796,65,33.188,502,792,0.46364,0.96717,0.24791,0.10874,0.20053,499,790,213.33,108.92,0.17178,0.31679,0.057239,0.063318,469.99,2.6363,7.8229,3.6842,2.0877,0.94247,-1.7228,13.461,1.228,0.8328,-0.18521,0.83607,0.044291,3.3625,0.66365,0.085467,2.7184,5.0131,1938.9
4302,0,0.51058,633,1.38,1.34,4438,1156.9,62,31.656,63,794,90,45.952,59,794,0.71842,0.96663,0.15044,0.11166,0.24636,60,799,256.03,130.72,0.1764,0.38919,0.049004,0.074203,782.88,2.1354,3.7422,2.7892,1.2452,0.96933,12.226,11.658,0.48679,0.91984,-0.34489,0.91221,0.067837,2.896,0.77416,0.12742,2.7916,6.1589,3229.7
4302,0,0.51058,633,1.38,1.34,3170,826.38,40,20.423,684,854,98,50.037,684,856,0.91184,0.96244,0.33618,0.099828,0.22309,680,853,244.55,124.86,0.15771,0.35244,0.05342,0.060199,499.93,2.4621,8.5949,3.5959,2.2765,0.94588,11.803,9.5287,0.78519,0.84774,-0.26944,0.85308,0.066869,3.0054,0.72389,0.12701,2.4957,5.5773,2062.4
4302,0,0.51058,633,1.38,1.34,2472,644.42,38,19.402,166,871,80,40.846,165,871,0.87813,0.96514,0.22722,0.10562,0.18433,165,871,199.7,101.96,0.16685,0.29121,0.056437,0.053894,412.46,2.7965,4.5547,3.7047,1.0576,0.9836,-1.102,10.909,1.6288,0.74017,-0.12397,0.76356,0.036851,3.4586,0.55182,0.068468,2.6405,4.6084,1701.6
4302,0,0.51058,633,1.38,1.34,3111,811,36,18.381,794,911,116,59.227,794,915,0.94997,0.97799,0.47573,0.1206,0.21505,792,909,271.7,138.72,0.19052,0.33973,0.018048,0.074574,592.72,3.279,5.7576,4.4897,1.9064,0.9161,0.58092,11.171,1.7658,0.72701,-0.10212,0.7518,0.038384,3.4435,0.60532,0.074074,3.015,5.3762,2445.2
4303,0,0.51058,633,1.38,1.34,2439,635.82,50,25.529,355,42,65,33.188,353,39,0.62999,0.96265,0.18422,0.16065,0.3062,350,40,194.03,99.067,0.25379,0.48373,-0.030963,0.10046,619,5.4588,6.2465,7.5455,1.4311,0.9647,-2.6469,8.3777,0.7891,0.82783,-0.13949,0.82565,0.063818,2.9789,0.70841,0.12096,4.0163,7.655,2553.6
4303,0,0.51058,633,1.38,1.34,613,159.8,20,10.212,239,134,53,27.061,240,132,0.92532,0.96982,0.65625,0.080678,0.21978,245,120,147.32,75.217,0.12745,0.3472,0.067886,0.031049,78.129,6.3409,10.14,9.788,2.6787,0.65892,1.4787,1.6106,1.3311,0.095001,-0.037656,0.29616,0.14287,2.3417,0.65636,0.29333,2.0169,5.4945,322.31
4303,0,0.51058,633,1.38,1.34,1904,496.35,38,19.402,532,127,66,33.698,531,127,0.81412,0.97472,0.19554,0.14328,0.42031,526,124,170.89,87.251,0.22635,0.664,0.052903,0.10419,430.97,5.531,8.0774,8.0449,2.0831,0.94229,16.887,6.7964,0.74491,0.80244,-0.2766,0.80597,0.091606,2.7609,0.73131,0.19231,3.582,10.508,1777.9
4303,0,0.51058,633,1.38,1.34,2322,605.32,42,21.444,755,185,85,43.399,755,189,0.86588,0.97268,0.32464,0.15976,0.30112,756,183,206.57,105.47,0.25239,0.4757,0.052682,0.093273,586.05,5.7041,3.0113,7.0987,1.3931,0.94047,3.0753,10.9,1.0483,0.82453,-0.16509,0.82493,0.044382,3.2785,0.64906,0.068416,3.9941,7.528,2417.7
4303,0,0.51058,633,1.38,1.34,1196,311.78,34,17.36,682,221,42,21.444,682,220,0.58709,0.96895,0.069115,0.14352,0.26991,678,224,126.74,64.709,0.22673,0.42639,0.07576,0.078435,271.16,5.8721,4.9145,7.906,1.7979,0.9644,6.236,10.406,1.5074,0.74695,-0.13934,0.76613,0.040954,3.4125,0.58895,0.079044,3.5879,6.7477,1118.7
4303,0,0.51058,633,1.38,1.34,2197,572.73,32,16.338,189,251,120,61.269,173,248,0.96406,0.99091,0.61723,0.13224,0.2749,163,251,269.43,137.57,0.20891,0.43427,0.057536,0.085481,458.97,4.6837,4.0759,6.1849,1.7768,0.82306,23.934,12.464,0.53854,0.91716,-0.28909,0.89732,0.077965,2.891,0.7631,0.17919,3.3059,6.8724,1893.4
4303,0,0.51058,633,1.38,1.34,1740,453.6,39,19.913,586,292,57,29.103,587,292,0.71913,0.98132,0.15047,0.1374,0.24159,585,286,159.23,81.301,0.21706,0.38167,0.07572,0.078963,377.69,4.404,3.4664,5.6085,1.4702,0.97063,1.8649,14.614,1.5151,0.81213,-0.1539,0.81082,0.035222,3.5082,0.5954,0.081462,3.435,6.0399,1558.1
4303,0,0.51058,633,1.38,1.34,3805,991.92,39,19.913,91,368,117,59.737,90,368,0.94321,0.97886,0.40576,0.10796,0.22169,90,373,282.9,144.44,0.17055,0.35022,0.050447,0.055599,648.95,3.0008,3.3245,3.8276,1.367,0.94194,13.928,8.0279,0.85623,0.80724,-0.18117,0.80358,0.067262,2.9742,0.69772,0.11224,2.699,5.5423,2677.2
4303,0,0.51058,633,1.38,1.34,1104,287.8,26,13.275,270,379,54,27.571,269,376,0.86974,0.98952,0.26186,0.1198,0.21992,264,374,136.29,69.589,0.18926,0.34742,0.078325,0.066217,208.94,4.433,2.9127,5.5498,1.5673,0.95322,12.862,13.99,1.2294,0.83844,-0.19172,0.83051,0.037904,3.4191,0.62162,0.082234,2.995,5.4979,861.96
4303,0,0.51058,633,1.38,1.34,1352,352.45,41,20.934,399,390,43,21.955,398,388,0.31692,0.98114,0.11986,0.11228,0.18949,403,385,138.01,70.464,0.17737,0.29936,0.080952,0.048223,239.81,3.5577,3.1333,4.4961,1.583,0.96695,3.5214,10.661,1.0481,0.82098,-0.17665,0.8265,0.046068,3.2684,0.63623,0.07172,2.807,4.7373,989.32
4303,0,0.51058,633,1.38,1.34,1195,311.52,31,15.828,445,421,48,24.508,445,420,0.74971,0.95718,0.095925,0.12996,0.22223,451,412,128.82,65.773,0.20531,0.35108,0.07257,0.060962,245.35,5.5607,6.8025,7.9398,2.2256,0.98423,-4.2285,9.7128,1.522,0.72905,-0.11992,0.75346,0.045228,3.3716,0.62691,0.10275,3.2491,5.5559,1012.2
4303,0,0.51058,633,1.38,1.34,2690,701.25,48,24.508,784,429,74,37.783,785,429,0.75589,0.97351,0.22287,0.13868,0.25435,797,430,207.46,105.93,0.21908,0.40182,0.06183,0.075717,589.31,4.2164,3.4258,5.4084,1.4701,0.94383,3.3559,11.354,0.89807,0.8534,-0.18952,0.84693,0.051489,3.1938,0.68172,0.097206,3.4669,6.3588,2431.2
4303,0,0.51058,633,1.38,1.34,1586,413.45,41,20.934,394,483,55,28.082,389,483,0.66501,0.9716,0.22483,0.11496,0.21699,385,479,160.23,81.807,0.18161,0.3428,0.080452,0.050737,288.04,4.297,7.6511,5.9195,2.1922,0.94111,1.7907,7.1885,1.5496,0.64532,-0.11329,0.68509,0.050168,3.2642,0.61294,0.11752,2.874,5.4248,1188.3
4303,0,0.51058,633,1.38,1.34,2954,770.07,44,22.465,748,519,93,47.484,746,516,0.88228,0.97141,0.36965,0.12639,0.22701,741,516,241.89,123.5,0.19967,0.35863,0.060109,0.071392,589.83,4.1977,3.6879,5.3709,1.4642,0.92752,15.858,13.262,0.99277,0.86071,-0.18646,0.84683,0.047674,3.2711,0.6788,0.087884,3.1598,5.6754,2433.3
4303,0,0.51058,633,1.38,1.34,1562,407.2,35,17.87,656,522,49,25.018,655,522,0.69902,0.98853,0.071737,0.15977,0.34211,659,527,144.83,73.946,0.25239,0.54046,0.054117,0.10065,394.24,4.8931,5.5525,6.7231,1.9862,0.99132,5.6189,9.5498,1.1197,0.79011,-0.1677,0.79427,0.053244,3.1917,0.65347,0.11615,3.9942,8.5527,1626.4
4303,0,0.51058,633,1.38,1.34,2275,593.07,27,13.786,214,583,100,51.058,214,582,0.96203,0.98554,0.4715,0.12663,0.27806,223,580,231.33,118.11,0.20005,0.43927,0.073367,0.072441,455.1,4.4725,3.06,5.6056,1.5569,0.93239,20.633,9.3374,0.59322,0.88053,-0.30192,0.87526,0.07399,2.8838,0.73955,0.15254,3.1657,6.9515,1877.5
4303,0,0.51058,633,1.38,1.34,1742,454.12,43,21.955,536,589,48,24.508,537,589,0.43887,0.96289,0.18883,0.088812,0.15981,542,586,163.58,83.52,0.1403,0.25246,0.074542,0.031337,244.41,3.3708,4.0478,4.4974,1.648,0.92507,9.205,6.8497,1.2686,0.68747,-0.12334,0.68823,0.057389,3.165,0.62742,0.12094,2.2203,3.9952,1008.3
4303,0,0.51058,633,1.38,1.34,3637,948.13,44,22.465,880,698,110,56.163,885,698,0.91652,0.96235,0.38057,0.1234,0.23168,883,706,270.79,138.26,0.19495,0.366,0.066942,0.064769,709.02,3.6805,3.5334,4.7661,1.3017,0.90186,1.7287,10.966,0.71034,0.87833,-0.23162,0.86785,0.060096,3.043,0.71655,0.11466,3.085,5.7919,2925
4303,0,0.51058,633,1.38,1.34,239,62.305,12,6.1269,114,713,25,12.764,114,712,0.87005,0.97926,0.27947,0.086291,0.14657,115,714,63.433,32.388,0.13632,0.23155,0.079603,0.034242,32.581,5.3013,2.9879,6.761,1.6089,0.91567,22.342,11.239,2.8214,0.59866,-0.11803,0.69576,0.038877,3.5096,0.46948,0.081633,2.1573,3.6643,134.41
4303,0,0.51058,633,1.38,1.34,4591,1196.8,80,40.846,824,765,92,46.973,832,756,0.50065,0.97851,0.3083,0.14036,0.29565,836,752,287.57,146.82,0.22173,0.46707,0.068934,0.090147,1018,3.0274,3.9079,3.9311,1.5341,0.92272,17.869,12.368,0.53951,0.9164,-0.31845,0.90667,0.063874,2.9574,0.75611,0.13187,3.509,7.3913,4199.6
4303,0,0.51058,633,1.38,1.34,2681,698.91,52,26.55,148,851,69,35.23,150,852,0.65731,0.96337,0.16648,0.11808,0.21182,147,859,199.28,101.75,0.18654,0.33462,0.075558,0.056856,500.11,3.1928,3.1657,4.058,1.3212,0.96628,4.9237,11.062,0.85748,0.85612,-0.21141,0.85286,0.049447,3.1956,0.6813,0.093291,2.9519,5.2954,2063.1
4303,0,0.51058,633,1.38,1.34,3099,807.87,63,32.166,172,909,66,33.698,174,907,0.29807,0.96071,0.22669,0.13707,0.30278,193,909,224.51,114.63,0.21654,0.47833,0.070369,0.085168,671.06,3.6644,5.0701,4.8441,1.5806,0.94827,8.7196,10.386,0.69917,0.87386,-0.27913,0.86797,0.063744,3.0061,0.74502,0.1231,3.4267,7.5695,2768.4
4303,0,0.51058,633,1.38,1.34,1296,337.85,28,14.296,43,943,65,33.188,44,945,0.90246,0.97666,0.31603,0.15443,0.29552,42,944,155.08,79.181,0.24397,0.46686,-0.0091398,0.11057,316.18,7.7994,3.3421,10.054,1.0955,0.95134,-1.1259,11.855,1.1653,0.82101,-0.14175,0.81921,0.058993,3.1949,0.67613,0.14286,3.8608,7.388,1304.4
4303,0,0.51058,633,1.38,1.34,3173,827.17,57,29.103,145,971,76,38.804,141,968,0.65727,0.97823,0.18893,0.1418,0.2725,130,965,220.42,112.54,0.22401,0.4305,0.056929,0.086273,710.78,3.2228,3.4063,4.1335,1.4222,0.93481,3.0558,12.379,0.64408,0.90109,-0.24325,0.89121,0.058251,3.035,0.73094,0.1119,3.545,6.8126,2932.3
4303,0,0.51058,633,1.38,1.34,923,240.62,34,17.36,724,967,38,19.402,723,966,0.42025,0.97649,0.2906,0.067847,0.089206,718,970,126.96,64.824,0.10718,0.14093,0.074481,0.01056,98.929,2.0769,2.5563,2.5752,1.2633,0.87623,1.3705,3.5636,3.4485,0.01641,-0.0099653,0.26161,0.046621,3.3484,0.45209,0.090452,1.6962,2.2302,408.12
4304,0,0.51058,633,1.38,1.34,3110,810.74,54,27.571,481,441,79,40.336,485,441,0.73271,0.96043,0.22689,0.12094,0.26437,486,431,223.82,114.28,0.19106,0.41765,0.052178,0.071707,594.2,2.8778,5.2219,3.8094,1.5771,0.95172,1.227,8.413,0.88932,0.8088,-0.19722,0.81381,0.058304,3.051,0.68099,0.10928,3.0235,6.6093,2451.3
4304,0,0.51058,633,1.38,1.34,2292,597.5,43,21.955,651,482,64,32.677,649,482,0.73461,0.95162,0.12423,0.11343,0.20524,645,482,180.22,92.018,0.17919,0.32424,-0.012165,0.059962,410.7,3.4516,4.6221,4.5309,0.79574,0.96776,-5.8754,6.2623,1.0407,0.71501,-0.089878,0.73058,0.075643,2.9215,0.67287,0.18699,2.8356,5.1311,1694.3
4304,0,0.51058,633,1.38,1.34,3116,812.31,46,23.487,230,510,97,49.526,231,513,0.88069,0.93615,0.30139,0.15158,0.29295,223,515,236.03,120.51,0.23947,0.46279,0.054038,0.11885,746.18,3.6919,4.3853,4.9394,1.471,0.95276,11.275,19.515,1.4553,0.8612,-0.18222,0.8424,0.037942,3.4599,0.60648,0.069149,3.7896,7.3237,3078.3
4304,0,0.51058,633,1.38,1.34,4238,1104.8,67,34.209,439,505,92,46.973,434,512,0.68635,0.91822,0.38399,0.17022,0.52858,424,524,292.53,149.36,0.26891,0.83504,0.046898,0.1859,1139.7,5.2541,7.5056,8.1539,1.5281,0.82085,67.806,14.124,0.80402,0.89228,-0.37573,0.86866,0.10501,2.761,0.78134,0.20718,4.2556,13.214,4701.6
4304,0,0.51058,633,1.38,1.34,2430,633.47,41,20.934,55,534,71,36.251,55,536,0.81795,0.96909,0.14877,0.11506,0.19944,57,533,189.21,96.607,0.18178,0.31507,0.058252,0.061621,441.71,2.7815,3.2041,3.5402,1.3942,0.98126,-6.9523,12.002,1.2759,0.80782,-0.14987,0.81252,0.046973,3.3274,0.6142,0.12961,2.8766,4.9861,1822.2
4304,0,0.51058,633,1.38,1.34,4704,1226.3,57,29.103,959,548,109,55.653,955,546,0.84935,0.92974,0.44019,0.1055,0.22224,953,546,323.35,165.09,0.16667,0.35109,0.04982,0.068707,784.01,2.6195,3.3884,3.3732,0.83554,0.8536,14.177,12.769,0.68863,0.89766,-0.28414,0.88633,0.056238,3.0899,0.7235,0.12464,2.6375,5.556,3234.3
4304,0,0.51058,633,1.38,1.34,4589,1196.3,64,32.677,271,552,95,48.505,267,553,0.73596,0.94098,0.26201,0.12546,0.25267,269,547,278.79,142.34,0.1982,0.39916,0.061557,0.084752,909.53,2.5696,3.7897,3.33,1.027,0.94118,11.544,15.041,0.77123,0.90245,-0.26809,0.88955,0.048509,3.198,0.70561,0.09878,3.1365,6.3168,3752.2
4304,0,0.51058,633,1.38,1.34,1181,307.87,32,16.338,440,555,46,23.487,438,555,0.70187,0.89634,0.088503,0.24383,0.49289,437,556,127.48,65.087,0.38519,0.77866,0.050485,0.2164,454.91,11.442,3.9244,15.129,1.2186,0.97086,-8.6968,19.503,2.2221,0.79543,-0.13912,0.78728,0.054329,3.3979,0.62059,0.1537,6.0956,12.322,1876.7
4304,0,0.51058,633,1.38,1.34,2057,536.24,49,25.018,664,599,58,29.613,663,594,0.53733,0.95261,0.21803,0.091123,0.16128,664,601,180.54,92.179,0.14395,0.25479,0.048407,0.041391,296.11,3.0593,2.8486,3.8204,1.0476,0.95381,4.4304,8.4245,1.3044,0.73184,-0.11867,0.74274,0.047175,3.2978,0.6164,0.09778,2.2781,4.0321,1221.6
4304,0,0.51058,633,1.38,1.34,2029,528.94,57,29.103,784,641,63,32.166,791,646,0.42181,0.95187,0.38866,0.13058,0.24271,791,650,203.35,103.83,0.20629,0.38342,0.042637,0.084794,418.56,4.7196,3.4833,6.1766,1.4304,0.85037,-2.2875,13.406,1.3351,0.81886,-0.15612,0.82022,0.040508,3.3975,0.61627,0.085129,3.2645,6.0677,1726.7
4304,0,0.51058,633,1.38,1.34,298,77.685,18,9.1904,972,670,22,11.233,973,669,0.58296,0.92373,0.40006,0.052361,0.06654,979,666,77.718,39.681,0.082719,0.10512,0.052887,0.0094466,24.65,1.9966,2.5021,2.4378,1.1894,0.8314,1.1545,2.7779,5.7634,-0.34954,-0.032193,0.47801,0.040378,3.4274,0.40318,0.066964,1.309,1.6635,101.69
4304,0,0.51058,633,1.38,1.34,432,112.62,23,11.743,980,725,28,14.296,980,727,0.58296,0.92677,0.43911,0.051833,0.072674,982,728,96.882,49.466,0.081884,0.11481,0.053895,0.01022,35.374,1.7847,3.4156,2.3179,1.3578,0.77746,1.2503,3.2787,4.0203,-0.10162,-0.016222,0.31587,0.045967,3.3731,0.4413,0.088663,1.2958,1.8169,145.93
4304,0,0.51058,633,1.38,1.34,2152,561,43,21.955,652,866,64,32.677,654,864,0.74066,0.96915,0.13355,0.11332,0.19367,651,858,176.32,90.027,0.17903,0.30596,0.049827,0.061931,385.27,2.8546,3.1486,3.5892,1.2212,0.96736,-9.0149,11.898,1.5146,0.77416,-0.12397,0.78106,0.042854,3.396,0.60085,0.08789,2.8331,4.8419,1589.4
4304,0,0.51058,633,1.38,1.34,786,204.9,27,13.786,948,868,37,18.891,949,869,0.67109,0.90844,0.42377,0.05627,0.085869,941,861,130.18,66.467,0.088895,0.13565,0.051568,0.014962,69.871,2.2939,3.0674,2.9142,1.0254,0.82638,1.5341,3.9766,4.8178,-0.09565,-0.007602,0.21728,0.035753,3.5618,0.4049,0.061256,1.4068,2.1467,288.25
4304,0,0.51058,633,1.38,1.34,3078,802.4,52,26.55,392,895,76,38.804,389,896,0.72635,0.9682,0.14047,0.11426,0.25854,381,893,211.19,107.83,0.18051,0.40844,0.048499,0.070892,555.6,2.8177,4.5101,3.7144,1.5142,0.96803,8.5032,9.154,0.67433,0.86278,-0.26533,0.86198,0.063917,2.9701,0.73138,0.10972,2.8565,6.4635,2292.1
4304,0,0.51058,633,1.38,1.34,753,196.3,24,12.254,950,907,39,19.913,950,908,0.7791,0.90329,0.34001,0.055619,0.080123,952,907,119.85,61.194,0.087866,0.12658,0.056499,0.013586,66.163,2.012,2.6746,2.5256,0.69421,0.88022,1.666,4.1135,5.752,-0.16608,-0.010391,0.25482,0.031699,3.6656,0.3683,0.058085,1.3905,2.0031,272.95
4304,0,0.51058,633,1.38,1.34,2336,608.97,43,21.955,670,945,74,37.783,675,945,0.80863,0.92916,0.23119,0.10937,0.17753,675,937,194.75,99.434,0.17278,0.28046,0.048176,0.05519,403.61,2.7098,3.5963,3.4743,1.3767,0.9491,-9.6857,11.958,1.4812,0.77957,-0.11151,0.76952,0.046819,3.3673,0.61565,0.12806,2.7342,4.4383,1665.1
4304,0,0.51058,633,1.38,1.34,3605,939.78,54,27.571,628,947,88,44.931,631,951,0.78317,0.91528,0.28912,0.095873,0.19403,631,955,252.13,128.73,0.15146,0.30653,0.048982,0.052183,546.01,2.3592,3.0399,3.0087,0.81397,0.91151,14.475,10.02,0.72727,0.86466,-0.23686,0.85853,0.060631,3.0552,0.71269,0.12871,2.3968,4.8508,2252.5
4304,0,0.51058,633,1.38,1.34,2278,593.85,40,20.423,582,961,70,35.74,583,959,0.81744,0.92184,0.19356,0.11265,0.21767,583,955,187.72,95.844,0.17796,0.34386,0.046639,0.06682,405.38,3.0764,4.4549,4.0976,1.29,0.9542,5.1162,11.083,1.3337,0.78518,-0.1418,0.7753,0.044032,3.3387,0.61881,0.078592,2.8161,5.4417,1672.4
4304,0,0.51058,633,1.38,1.34,3144,819.61,58,29.613,111,966,68,34.719,112,968,0.51663,0.97371,0.11258,0.12756,0.24068,113,960,210.42,107.44,0.20152,0.38023,0.048812,0.083999,633.59,2.4946,3.5576,3.2085,1.2136,0.9689,4.2166,15.103,0.66532,0.91561,-0.25731,0.90661,0.051637,3.1185,0.71152,0.098953,3.1891,6.0171,2613.8
4304,0,0.51058,633,1.38,1.34,516,134.52,20,10.212,906,996,39,19.913,907,997,0.86028,0.9385,0.59297,0.052072,0.069007,909,1001,124.85,63.748,0.082262,0.10902,0.053631,0.0080118,42.447,1.5814,3.2416,2.0498,1.3889,0.70961,-0.57406,1.7536,3.3407,-0.31155,-0.023369,0.39728,0.080107,2.9438,0.49532,0.17778,1.3018,1.7252,175.11
4305,0,0.51058,633,1.38,1.34,3608,940.57,66,33.698,438,117,68,34.719,437,115,0.26371,0.96847,0.096953,0.13381,0.3376,446,109,223.33,114.03,0.21139,0.53334,0.048327,0.1057,762.69,5.668,8.2711,8.239,1.1237,0.96754,21.159,11.588,0.68427,0.88848,-0.32786,0.88172,0.067539,2.9869,0.74524,0.14701,3.3452,8.44,3146.4
4305,0,0.51058,633,1.38,1.34,2233,582.12,54,27.571,950,150,63,32.166,945,149,0.51508,0.90196,0.38253,0.086362,0.177,940,142,211.54,108.01,0.13643,0.27962,-0.016378,0.039639,304.65,7.4545,5.9858,10.102,1.5711,0.86718,1.0093,3.1443,1.4785,0.36034,-0.023791,0.4033,0.075481,2.8904,0.61342,0.14519,2.159,4.425,1256.8
4305,0,0.51058,633,1.38,1.34,2061,537.28,38,19.402,492,185,65,33.188,493,184,0.80978,0.97914,0.17943,0.14834,0.28906,488,194,177.01,90.378,0.23434,0.45665,0.042037,0.10484,482.98,6.6492,2.56,8.2241,1.2231,0.96879,4.7414,13.865,1.2392,0.83592,-0.18209,0.84763,0.038463,3.3797,0.61156,0.066346,3.7085,7.2264,1992.5
4305,0,0.51058,633,1.38,1.34,1840,479.67,37,18.891,570,234,66,33.698,566,234,0.82794,0.97566,0.21746,0.13037,0.24284,562,238,170.74,87.176,0.20596,0.38363,0.041884,0.083129,378.97,6.2467,3.7696,7.9673,1.4385,0.96149,-5.5742,12.937,1.1568,0.83584,-0.16272,0.82854,0.048088,3.2956,0.6522,0.10828,3.2593,6.0709,1563.4
4305,0,0.51058,633,1.38,1.34,1651,430.4,36,18.381,89,281,53,27.061,87,281,0.73509,0.94622,0.16241,0.12335,0.25381,83,279,157.49,80.412,0.19486,0.40096,0.067461,0.072646,321.71,5.3083,3.5065,6.8927,1.382,0.98606,13.605,11.217,0.85267,0.85871,-0.24557,0.85792,0.052318,3.1644,0.69257,0.092568,3.0837,6.3452,1327.2
4305,0,0.51058,633,1.38,1.34,2165,564.39,37,18.891,490,277,89,45.441,492,279,0.90788,0.96293,0.40912,0.099429,0.20098,484,284,214.52,109.53,0.15708,0.31751,0.02855,0.058958,340.07,6.4587,5.9987,9.0277,1.3382,0.91678,10.72,9.867,0.73056,0.86213,-0.21339,0.86137,0.062945,3.0321,0.73126,0.11491,2.4857,5.0245,1402.9
4305,0,0.51058,633,1.38,1.34,3766,981.75,66,33.698,102,308,88,44.931,105,315,0.66144,0.93681,0.34416,0.11091,0.20179,112,317,267.71,136.69,0.17521,0.31878,0.030184,0.056558,659.85,4.5274,4.9346,6.0419,1.1753,0.84432,-4.4238,8.2577,0.978,0.78821,-0.13886,0.8009,0.066259,3.0825,0.7035,0.15314,2.7727,5.0447,2722.2
4305,0,0.51058,633,1.38,1.34,1270,331.07,25,12.764,178,472,74,37.783,177,473,0.93882,0.98817,0.49756,0.10103,0.21161,182,480,176.11,89.918,0.1596,0.3343,0.056987,0.06446,202.69,5.7906,2.8165,7.0536,1.5025,0.84428,28.137,12.39,1.8105,0.74502,-0.14949,0.74713,0.037728,3.4908,0.55004,0.080957,2.5257,5.2904,836.2
4305,0,0.51058,633,1.38,1.34,1424,371.22,32,16.338,781,495,77,39.314,789,496,0.91014,0.95249,0.50551,0.11403,0.24581,787,495,189.17,96.584,0.18014,0.38832,0.03776,0.081899,256.52,6.9705,4.3696,9.2779,1.6256,0.85999,24.375,13.145,0.78284,0.88758,-0.24623,0.87255,0.060206,3.1267,0.70061,0.15869,2.8507,6.1451,1058.2
4305,0,0.51058,633,1.38,1.34,406,105.84,13,6.6375,836,505,33,16.849,837,506,0.91287,0.95727,0.31435,0.066699,0.098305,845,508,85.713,43.763,0.10537,0.1553,0.050429,0.020203,42.78,5.3498,2.5333,6.4739,1.4046,0.92276,2.8158,7.2728,2.0487,0.56044,-0.06338,0.62247,0.046256,3.3926,0.5624,0.12034,1.6675,2.4576,176.49
4305,0,0.51058,633,1.38,1.34,994,259.12,25,12.764,206,527,50,25.529,204,528,0.85802,0.98955,0.25678,0.093722,0.14865,204,524,129.09,65.909,0.14806,0.23483,0.070373,0.040651,147.17,4.7676,2.3034,5.6942,1.4223,0.94028,0.13798,10.869,3.0948,0.55673,-0.080736,0.66942,0.028647,3.6766,0.44971,0.060427,2.343,3.7162,607.14
4305,0,0.51058,633,1.38,1.34,2119,552.4,37,18.891,778,531,82,41.867,782,534,0.88834,0.95532,0.38537,0.095387,0.16981,785,529,207.19,105.79,0.15069,0.26826,0.050193,0.048365,319.31,5.0302,3.0078,6.2547,1.2662,0.87341,10.473,11.184,1.0524,0.82799,-0.17454,0.82939,0.044843,3.2916,0.64563,0.084173,2.3847,4.2452,1317.3
4305,0,0.51058,633,1.38,1.34,3558,927.53,52,26.55,148,599,109,55.653,142,605,0.87829,0.97021,0.427,0.09536,0.18539,142,599,278.46,142.18,0.15065,0.29288,0.060924,0.048914,536,4.1349,4.6475,5.3938,1.5552,0.85974,14.504,9.6578,1.3725,0.75114,-0.14476,0.74461,0.04678,3.3318,0.6176,0.11507,2.384,4.6349,2211.2
4305,0,0.51058,633,1.38,1.34,2716,708.03,59,30.124,749,632,60,30.635,749,628,0.12991,0.97283,0.1479,0.1029,0.1948,742,627,199.08,101.65,0.16256,0.30774,0.05322,0.056112,441.52,4.2552,3.232,5.4139,1.2459,0.95397,1.8492,10.922,0.99252,0.8334,-0.19032,0.83197,0.048865,3.2443,0.67105,0.098464,2.5726,4.8701,1821.4
4305,0,0.51058,633,1.38,1.34,1944,506.78,27,13.786,962,742,91,46.462,960,743,0.95358,0.97171,0.4443,0.10195,0.18279,955,754,207.85,106.12,0.16105,0.28876,0.049408,0.056427,313.09,5.0972,3.3641,6.4996,1.5487,0.92005,1.6104,11.361,2.2562,0.66862,-0.086836,0.67884,0.034349,3.5818,0.54576,0.078478,2.5487,4.5696,1291.6
4305,0,0.51058,633,1.38,1.34,2269,591.5,41,20.934,643,778,96,49.015,638,773,0.90421,0.97698,0.45963,0.10579,0.21556,640,772,228.5,116.67,0.16713,0.34054,0.055966,0.062305,379.22,4.8272,2.6133,5.882,1.4043,0.89076,8.5513,10.7,1.2233,0.79479,-0.17805,0.80312,0.043447,3.3114,0.62906,0.088934,2.6448,5.3891,1564.4
4305,0,0.51058,633,1.38,1.34,3186,830.55,57,29.103,824,826,67,34.209,826,824,0.51749,0.97119,0.12268,0.09723,0.16641,833,828,212.27,108.38,0.1536,0.26289,0.050098,0.044878,489.38,3.876,2.9112,4.8035,1.1477,0.96581,-0.30752,9.6664,0.98667,0.81476,-0.15468,0.81551,0.052889,3.1879,0.67602,0.12096,2.4308,4.1602,2018.9
4305,0,0.51058,633,1.38,1.34,2605,679.09,44,22.465,673,840,82,41.867,674,841,0.84212,0.95939,0.30158,0.11849,0.23137,668,846,215.51,110.03,0.18718,0.36552,0.047726,0.064374,487.61,4.5866,3.9098,5.9038,1.4399,0.91745,1.8322,8.8005,0.96647,0.80209,-0.1668,0.80931,0.068327,3.1023,0.69306,0.18692,2.9622,5.7843,2011.6
4305,0,0.51058,633,1.38,1.34,2481,646.77,42,21.444,686,884,91,46.462,688,890,0.88538,0.96242,0.44821,0.098274,0.17335,691,892,236.04,120.52,0.15525,0.27386,0.053723,0.052786,385.18,3.9863,2.691,4.932,1.0991,0.84757,11.564,13.123,0.90382,0.87113,-0.20295,0.86499,0.045061,3.2559,0.66719,0.079491,2.4569,4.3338,1589
4306,0,0.51058,633,1.38,1.34,1352,352.45,27,13.786,907,93,70,35.74,907,94,0.91889,0.89961,0.36074,0.13791,0.31509,912,96,161.78,82.6,0.21787,0.49777,-0.058391,0.087176,294.56,7.9253,4.7534,10.813,1.3145,0.93251,-0.88944,5.0791,1.1548,0.6295,-0.09068,0.69122,0.073779,2.913,0.67823,0.11652,3.4478,7.8772,1215.2
4306,0,0.51058,633,1.38,1.34,4038,1052.7,41,20.934,753,130,139,70.97,756,129,0.95383,0.90997,0.57892,0.1252,0.28009,765,133,345.93,176.63,0.19779,0.44249,-0.038686,0.070666,798.68,5.368,5.1268,7.1161,1.238,0.85615,1.9322,4.7685,0.78794,0.71638,-0.10652,0.72652,0.082403,2.7599,0.71448,0.14093,3.13,7.0023,3294.9
4306,0,0.51058,633,1.38,1.34,3945,1028.4,61,31.145,290,135,79,40.336,289,136,0.62544,0.97548,0.058923,0.16092,0.33513,282,139,228.77,116.81,0.25422,0.52944,0.077453,0.10505,1002.9,3.055,3.8289,4.0156,1.3795,0.98725,9.5417,12.825,0.58347,0.91297,-0.305,0.90344,0.059787,3.0087,0.74434,0.11567,4.0231,8.3784,4137.4
4306,0,0.51058,633,1.38,1.34,2536,661.11,45,22.976,900,146,79,40.336,900,145,0.82349,0.90517,0.33045,0.12268,0.23648,903,138,216.54,110.56,0.1938,0.37359,0.046824,0.059655,491.49,4.793,3.4575,6.1847,0.96189,0.88486,2.9488,6.6266,1.6115,0.60878,-0.075435,0.6215,0.048635,3.2838,0.59962,0.097561,3.067,5.9121,2027.6
4306,0,0.51058,633,1.38,1.34,1805,470.54,34,17.36,701,153,67,34.209,703,149,0.86219,0.92453,0.27297,0.17267,0.34115,701,148,176.42,90.076,0.27279,0.53895,0.037788,0.10492,492.38,6.6914,2.8626,8.3864,0.90226,0.96541,-8.8031,8.4123,1.7141,0.66146,-0.087448,0.67901,0.052645,3.3101,0.59186,0.13983,4.3168,8.5289,2031.3
4306,0,0.51058,633,1.38,1.34,2531,659.8,39,19.913,522,170,84,42.888,524,170,0.88171,0.96741,0.2755,0.16684,0.33668,525,167,210.08,107.26,0.26357,0.53188,0.036987,0.11335,667.1,4.7803,5.3622,6.4131,1.5107,0.94865,4.7158,11.161,1.485,0.76513,-0.14208,0.78792,0.045664,3.3539,0.65119,0.091029,4.171,8.4169,2752.1
4306,0,0.51058,633,1.38,1.34,2186,569.87,42,21.444,598,211,69,35.23,599,213,0.78701,0.95299,0.28461,0.15738,0.29748,600,214,195.2,99.663,0.24862,0.46995,0.032289,0.10634,543.49,4.9707,4.0881,6.7065,1.3915,0.91339,-3.515,13.262,1.0968,0.84723,-0.16419,0.83479,0.045978,3.3014,0.65676,0.090954,3.9344,7.437,2242.1
4306,0,0.51058,633,1.38,1.34,2867,747.39,47,23.997,370,215,91,46.462,371,213,0.8563,0.97552,0.29192,0.17605,0.33542,367,213,224.49,114.62,0.27812,0.52989,0.055484,0.1193,797.37,4.1563,3.2265,5.3354,1.3072,0.91182,1.8966,14.89,0.67316,0.91349,-0.2492,0.90379,0.050123,3.1541,0.71857,0.083088,4.4013,8.3855,3289.5
4306,0,0.51058,633,1.38,1.34,2694,702.3,38,19.402,676,223,98,50.037,681,224,0.91821,0.94823,0.40185,0.14038,0.25232,685,219,236,120.49,0.22177,0.39861,-0.040176,0.079915,597.46,4.2854,4.6502,5.676,1.3833,0.91885,-3.1326,7.695,0.61951,0.85098,-0.14108,0.84154,0.0789,2.7861,0.74621,0.13797,3.5096,6.308,2464.8
4306,0,0.51058,633,1.38,1.34,172,44.838,12,6.1269,265,347,14,7.1481,265,347,0.50637,0.99887,0,0.10363,0.18154,266,347,44.854,22.901,0.16372,0.28679,0.070022,0.052799,28.16,6.9826,3.0375,8.8846,1.6243,1,4.4892,9.3218,5.378,0.2683,-0.070436,0.62498,0.028024,3.7267,0.33106,0.055118,2.5909,4.5385,116.17
4306,0,0.51058,633,1.38,1.34,3305,861.58,47,23.997,496,495,93,47.484,496,497,0.86489,0.97287,0.27749,0.14651,0.32292,485,497,239.01,122.03,0.23145,0.51014,0.077526,0.090242,764.95,3.1389,4.678,4.2272,1.6951,0.94412,13.589,10.215,0.68058,0.87507,-0.28434,0.87094,0.061952,3.0179,0.72573,0.1123,3.6627,8.073,3155.7
4306,0,0.51058,633,1.38,1.34,1156,301.36,21,10.722,796,630,63,32.166,794,631,0.93932,0.98031,0.36907,0.12466,0.2181,800,627,150.5,76.843,0.19693,0.34454,0.061665,0.062705,227.66,4.6081,2.7819,5.7117,1.4443,0.95394,-0.41764,8.5064,2.8873,0.49318,-0.058872,0.5934,0.034754,3.5871,0.51841,0.07377,3.1165,5.4524,939.17
4306,0,0.51058,633,1.38,1.34,2916,760.17,54,27.571,698,697,82,41.867,694,692,0.75512,0.9693,0.30111,0.14527,0.32006,697,701,228.22,116.52,0.22949,0.50562,0.064446,0.085732,669.2,3.7195,3.4787,4.727,1.5056,0.92657,17.296,8.914,0.6043,0.87302,-0.26473,0.86716,0.079958,2.8686,0.73767,0.17907,3.6317,8.0014,2760.7
4306,0,0.51058,633,1.38,1.34,2835,739.05,52,26.55,79,798,68,34.719,80,799,0.63494,0.97625,0.11205,0.14967,0.40218,90,790,200,102.12,0.23645,0.63536,0.067423,0.090651,670.33,3.1414,15.469,4.5815,2.7382,0.97743,3.851,5.9483,0.57745,0.82302,-0.29105,0.83049,0.10344,2.6146,0.77342,0.21982,3.7418,10.055,2765.4
4306,0,0.51058,633,1.38,1.34,2266,590.72,42,21.444,898,802,63,32.166,898,803,0.74536,0.97707,0.10347,0.11475,0.18548,892,803,178.2,90.986,0.18129,0.29302,0.080475,0.049846,410.8,2.35,3.1066,3.0008,1.469,0.98479,-3.3179,12.397,1.0478,0.84413,-0.1767,0.83986,0.045029,3.3002,0.65942,0.087629,2.8689,4.637,1694.7
4306,0,0.51058,633,1.38,1.34,2670,696.04,42,21.444,719,818,72,36.762,721,819,0.80954,0.98152,0.17975,0.14171,0.28145,725,815,201.48,102.87,0.22388,0.44463,0.076836,0.076391,597.75,2.9131,3.7869,3.8233,1.6105,0.96982,0.31951,9.6343,0.8935,0.83026,-0.20281,0.83023,0.058306,3.1009,0.69033,0.13537,3.5428,7.0362,2466
4306,0,0.51058,633,1.38,1.34,2307,601.41,39,19.913,847,853,80,40.846,843,854,0.86913,0.9841,0.22203,0.12248,0.21718,843,855,192.31,98.191,0.1935,0.3431,0.072854,0.061633,446.4,2.3355,3.2499,2.9385,1.5009,0.96475,1.0446,11.969,0.68407,0.89187,-0.23522,0.88269,0.059809,3.061,0.73049,0.11584,3.0621,5.4295,1841.6
4307,0,0.51058,633,1.38,1.34,3067,799.53,53,27.061,176,50,81,41.357,177,48,0.76008,0.97475,0.23129,0.10882,0.20582,179,42,223.52,114.12,0.17191,0.32515,0.035343,0.061353,527.24,1.3733,2.7877,1.7453,1.0866,0.95221,-0.85654,10.184,0.76581,0.86012,-0.1938,0.85754,0.058409,3.0466,0.70966,0.10563,2.7205,5.1456,2175.1
4307,0,0.51058,633,1.38,1.34,3646,950.47,64,32.677,609,82,86,43.91,609,82,0.66881,0.94065,0.41133,0.10282,0.21361,614,81,277.95,141.91,0.16243,0.33746,0.019659,0.05808,592.23,1.8692,3.806,2.469,0.88702,0.89175,3.5032,7.3401,1.0627,0.74706,-0.13562,0.76312,0.059088,3.0945,0.67472,0.10656,2.5705,5.3402,2443.2
4307,0,0.51058,633,1.38,1.34,3226,840.98,64,32.677,688,110,67,34.209,690,111,0.28475,0.94695,0.20381,0.11559,0.2366,693,121,225.36,115.06,0.18261,0.37378,0.020272,0.077516,589.09,1.9551,3.3511,2.5197,0.63875,0.93422,9.5999,10.961,1.0362,0.82726,-0.16945,0.82206,0.049101,3.2396,0.66839,0.095111,2.8898,5.915,2430.2
4307,0,0.51058,633,1.38,1.34,3056,796.66,55,28.082,625,168,68,34.719,626,167,0.57899,0.96678,0.20241,0.1222,0.26108,624,172,218.72,111.67,0.19306,0.41244,0.035702,0.089859,589.98,1.676,3.2898,2.1355,0.8656,0.95128,19.162,13.496,0.88175,0.87735,-0.23375,0.87034,0.047171,3.2419,0.6793,0.10227,3.0551,6.5269,2433.9
4307,0,0.51058,633,1.38,1.34,2629,685.35,40,20.423,935,261,91,46.462,933,263,0.89834,0.95122,0.39263,0.099747,0.20894,933,266,231.96,118.43,0.15758,0.33009,0.018725,0.060253,414.27,1.919,4.1433,2.5361,1.0557,0.90838,5.5816,7.8737,1.5955,0.66301,-0.09848,0.68799,0.048064,3.2867,0.59172,0.097005,2.4937,5.2236,1709.1
4307,0,0.51058,633,1.38,1.34,2402,626.17,47,23.997,910,438,63,32.166,909,439,0.66726,0.97105,0.11883,0.12868,0.26752,909,437,184.06,93.976,0.20329,0.42262,0.052571,0.091283,488.3,1.6403,3.4728,2.1649,1.2909,0.96117,16.829,14.427,0.82458,0.89187,-0.25566,0.88091,0.046277,3.2235,0.68014,0.092609,3.2171,6.6879,2014.4
4307,0,0.51058,633,1.38,1.34,1654,431.18,36,18.381,42,455,64,32.677,39,452,0.82424,0.98183,0.27142,0.096105,0.17794,48,445,167.48,85.511,0.15183,0.28111,0.045558,0.048308,251.12,1.3597,3.0744,1.7399,1.4214,0.92598,3.8155,8.8707,1.2667,0.75009,-0.12874,0.759,0.048434,3.2291,0.62616,0.087567,2.4026,4.4486,1036
4307,0,0.51058,633,1.38,1.34,3269,852.19,68,34.719,946,504,76,38.804,950,512,0.44155,0.95791,0.34662,0.13406,0.28709,945,513,250.35,127.82,0.21178,0.45354,0.022185,0.099128,692.31,1.6299,3.2291,2.1178,1.1545,0.89595,10.784,12.341,0.72273,0.88935,-0.23401,0.88007,0.057877,3.09,0.7159,0.12122,3.3514,7.1772,2856.1
4307,0,0.51058,633,1.38,1.34,2574,671.01,55,28.082,888,517,57,29.103,886,517,0.25194,0.95593,0.093254,0.11628,0.21981,890,519,188.42,96.203,0.18369,0.34725,0.049317,0.073456,472.82,1.4099,3.1979,1.8158,1.3002,0.97492,8.9023,13.909,0.99833,0.86606,-0.20338,0.85922,0.044223,3.309,0.66654,0.092089,2.9069,5.4953,1950.6
4307,0,0.51058,633,1.38,1.34,1772,461.94,34,17.36,574,569,76,38.804,577,568,0.89435,0.98743,0.35515,0.11764,0.29298,582,571,185.82,94.876,0.18584,0.46284,0.023587,0.096106,329.31,1.7912,3.8909,2.3787,1.3576,0.9186,30.877,11.678,0.49274,0.91903,-0.32224,0.9012,0.099265,2.7602,0.76596,0.25333,2.9409,7.3245,1358.5
4307,0,0.51058,633,1.38,1.34,1735,452.3,27,13.786,480,653,87,44.42,482,654,0.94912,0.98784,0.43188,0.13386,0.31826,483,654,194.47,99.291,0.21147,0.50278,-0.0021485,0.11101,366.9,2.3049,3.6784,3.0283,1.4083,0.92737,26.138,11.681,0.60136,0.90208,-0.25743,0.88911,0.071847,2.9348,0.75809,0.14631,3.3465,7.9564,1513.6
4307,0,0.51058,633,1.38,1.34,1943,506.52,40,20.423,970,857,68,34.719,978,854,0.8097,0.98342,0.3328,0.15923,0.32138,974,855,189.58,96.796,0.25155,0.5077,0.028039,0.12422,488.77,2.3634,2.805,2.922,1.1011,0.92126,2.4153,14.76,1.2317,0.84595,-0.18461,0.85156,0.042622,3.3793,0.65323,0.096317,3.9808,8.0344,2016.4
4308,0,0.51058,633,1.38,1.34,2556,666.32,34,17.36,803,106,98,50.037,800,105,0.93737,0.95874,0.45266,0.13599,0.34643,794,104,240.74,122.92,0.21484,0.54729,-0.062824,0.10321,549.13,5.2077,9.0293,7.5297,1.2672,0.87141,3.1287,6.4109,0.7182,0.79852,-0.18619,0.8384,0.097069,2.7372,0.76878,0.18495,3.3998,8.6608,2265.4
4308,0,0.51058,633,1.38,1.34,2898,755.48,60,30.635,972,155,76,38.804,973,152,0.60778,0.92762,0.49642,0.11771,0.31235,969,146,268.66,137.17,0.18596,0.49345,-0.050171,0.08012,538.9,4.8399,6.324,6.7618,1.3921,0.75832,-0.28405,4.3131,1.198,0.56523,-0.084562,0.63999,0.082669,2.857,0.68499,0.1678,2.9428,7.8088,2223.2
4308,0,0.51058,633,1.38,1.34,3431,894.42,35,17.87,760,293,139,70.97,759,294,0.96742,0.96608,0.5521,0.11676,0.26813,752,291,308.92,157.73,0.18446,0.42358,0.029365,0.07475,632.87,3.3809,6.9076,4.6579,1.9217,0.90299,5.7138,8.2502,0.88077,0.80708,-0.1901,0.80909,0.063956,3.0276,0.68904,0.12112,2.919,6.7032,2610.8
4308,0,0.51058,633,1.38,1.34,3174,827.43,55,28.082,631,356,71,36.251,631,355,0.62651,0.97167,0.11226,0.093694,0.16092,641,356,211.66,108.07,0.14802,0.25421,0.055335,0.043816,469.8,2.0035,3.2758,2.5925,1.3427,0.96969,-5.9892,10.255,1.2387,0.78447,-0.14009,0.78456,0.046262,3.3256,0.63057,0.10128,2.3423,4.0229,1938.1
4308,0,0.51058,633,1.38,1.34,2549,664.5,47,23.997,906,361,71,36.251,906,358,0.73929,0.96418,0.25648,0.10979,0.25728,908,358,206.97,105.67,0.17344,0.40645,0.041198,0.070685,442.11,2.694,3.7885,3.5092,1.4893,0.94121,10.166,8.7141,0.81459,0.82902,-0.22702,0.82714,0.062058,3.0264,0.68842,0.13492,2.7447,6.432,1823.9
4308,0,0.51058,633,1.38,1.34,1392,362.88,41,20.934,792,379,47,23.997,791,375,0.46906,0.97575,0.2168,0.2696,0.7361,791,369,148.52,75.83,0.4259,1.1629,-0.42496,0.28204,592.86,12.756,11.955,22.989,0.99275,0.91678,3.9547,7.0903,0.8239,0.79179,-0.15213,0.83687,0.081524,2.8114,0.7465,0.16335,6.7399,18.403,2445.8
4308,0,0.51058,633,1.38,1.34,5194,1354,80,40.846,861,421,88,44.931,860,423,0.40163,0.95909,0.28333,0.11512,0.35839,858,422,300.94,153.65,0.18186,0.56618,0.04084,0.092443,944.58,2.6045,7.4702,3.6963,1.8793,0.917,16.468,7.9479,0.4787,0.88638,-0.41686,0.87072,0.10227,2.6257,0.79709,0.20196,2.8779,8.9597,3896.8
4308,0,0.51058,633,1.38,1.34,3052,795.62,51,26.039,51,424,87,44.42,47,424,0.80834,0.98536,0.26227,0.10481,0.1999,49,419,226.33,115.56,0.16558,0.31579,0.049512,0.057466,505.35,1.9918,2.942,2.506,1.4327,0.95893,5.0827,10.627,0.75569,0.86722,-0.21968,0.86565,0.055266,3.1041,0.7091,0.098705,2.6203,4.9975,2084.8
4308,0,0.51058,633,1.38,1.34,3286,856.62,39,19.913,948,443,104,53.1,950,440,0.92422,0.94497,0.48395,0.1025,0.25112,950,443,282.17,144.07,0.16193,0.39672,-0.010742,0.054016,532.09,3.2532,6.1014,4.463,1.0433,0.84296,1.23,3.9839,0.73098,0.68993,-0.12633,0.72513,0.10466,2.605,0.74409,0.18234,2.5625,6.278,2195.1
4308,0,0.51058,633,1.38,1.34,2724,710.12,53,27.061,774,469,78,39.825,776,468,0.7404,0.96864,0.42922,0.087257,0.17045,774,476,243.9,124.53,0.13785,0.26927,0.045869,0.040418,375.5,1.9938,3.6395,2.5431,1.2963,0.83338,2.9895,7.424,0.82738,0.79946,-0.17506,0.80262,0.070825,2.9528,0.69208,0.15272,2.1814,4.2612,1549.1
4308,0,0.51058,633,1.38,1.34,1806,470.8,41,20.934,795,496,64,32.677,794,496,0.76959,0.97256,0.4653,0.084256,0.15732,785,498,204.19,104.26,0.13311,0.24852,0.048431,0.040293,240.39,1.9491,2.7148,2.4327,1.1436,0.76844,14.106,9.3314,1.0506,0.79761,-0.16325,0.7939,0.051495,3.2102,0.65159,0.094316,2.1064,3.9329,991.71
4308,0,0.51058,633,1.38,1.34,2650,690.83,34,17.36,893,587,114,58.206,888,582,0.95498,0.97647,0.5084,0.11222,0.22002,890,580,258.43,131.95,0.17728,0.34758,0.025323,0.065518,469.8,3.114,3.3805,4.0321,1.4535,0.89867,-1.1012,9.1662,0.88261,0.82433,-0.16792,0.82744,0.057807,3.0913,0.70052,0.10407,2.8055,5.5004,1938.1
4308,0,0.51058,633,1.38,1.34,3179,828.73,47,23.997,270,620,83,42.378,269,620,0.81803,0.99099,0.17643,0.12414,0.27271,272,626,220.11,112.38,0.19611,0.43082,0.052413,0.086045,623.44,1.9685,4.7838,2.656,1.7669,0.96363,11.498,12.3,0.74122,0.88633,-0.27632,0.88117,0.050966,3.1158,0.68953,0.085919,3.1035,6.8178,2571.9
4308,0,0.51058,633,1.38,1.34,377,98.28,19,9.701,173,827,22,11.233,174,827,0.50625,0.98776,0.033789,0.086619,0.16689,175,830,69.975,35.728,0.13684,0.26365,0.057454,0.05102,51.588,4.0345,3.8875,5.6062,1.8294,0.96891,34.258,13.052,3.0261,0.62356,-0.084382,0.62362,0.037971,3.6277,0.49994,0.091503,2.1655,4.1723,212.82
4308,0,0.51058,633,1.38,1.34,3589,935.61,57,29.103,819,864,82,41.867,817,865,0.71889,0.98307,0.12512,0.11849,0.24527,803,862,226.65,115.72,0.1872,0.38748,0.054607,0.078364,671.84,2.0671,4.4093,2.7203,1.5833,0.97058,9.8528,13.384,0.63746,0.90907,-0.29572,0.90056,0.056128,3.081,0.74036,0.10522,2.9624,6.1318,2771.6
4308,0,0.51058,633,1.38,1.34,3903,1017.5,82,41.867,417,907,106,54.121,417,893,0.63065,0.98198,0.56127,0.095276,0.20602,423,880,332.08,169.55,0.15051,0.32546,0.055664,0.058204,587.46,1.9567,3.2107,2.4917,1.5123,0.69364,16.723,11.236,0.59456,0.89949,-0.31738,0.88985,0.070469,2.9346,0.74404,0.16579,2.3819,5.1504,2423.5
4309,0,0.51058,633,1.38,1.34,2990,779.46,51,26.039,203,47,78,39.825,202,52,0.75414,0.95346,0.26921,0.13384,0.28401,205,56,225.56,115.17,0.21143,0.44868,0.063838,0.076297,632.18,4.8291,8.3441,6.5483,1.5824,0.9315,1.9755,9.2961,0.71789,0.85662,-0.2464,0.85519,0.066576,2.9592,0.7296,0.13198,3.3459,7.1004,2608
4309,0,0.51058,633,1.38,1.34,2217,577.95,43,21.955,197,90,66,33.698,198,90,0.75435,0.95274,0.22338,0.16092,0.27289,197,88,188.73,96.363,0.25422,0.4311,0.046823,0.090581,563.6,5.7808,3.8335,7.5102,0.86782,0.91875,-7.7066,12.183,0.90944,0.86107,-0.17088,0.86265,0.051409,3.1913,0.68975,0.097784,4.023,6.8222,2325.1
4309,0,0.51058,633,1.38,1.34,2737,713.51,47,23.997,865,95,79,40.336,864,93,0.80588,0.90147,0.3166,0.11744,0.26991,866,92,223.4,114.06,0.18552,0.42639,-0.051877,0.067963,507.78,9.7618,4.0264,12.652,0.73308,0.91904,1.1416,4.101,1.3347,0.50892,-0.046595,0.53244,0.070715,2.9716,0.62074,0.1193,2.9359,6.7477,2094.8
4309,0,0.51058,633,1.38,1.34,3479,906.94,41,20.934,637,93,114,58.206,640,95,0.93263,0.94153,0.40364,0.11776,0.24721,639,100,269.72,137.71,0.18604,0.39054,0.058464,0.063076,647.23,6.0489,3.0535,7.611,1.1126,0.91432,13.074,8.4271,0.82133,0.82238,-0.21088,0.82102,0.066096,3.0237,0.70142,0.12233,2.9441,6.1803,2670.1
4309,0,0.51058,633,1.38,1.34,1716,447.34,35,17.87,951,127,68,34.719,952,127,0.85501,0.87713,0.26802,0.13675,0.32993,967,129,170.81,87.21,0.21604,0.52122,-0.028774,0.080681,370.72,11.403,4.8641,15.517,1.1572,0.92833,0.17951,4.0412,1.4115,0.48228,-0.051782,0.53214,0.068078,2.9686,0.62219,0.1228,3.4188,8.2484,1529.4
4309,0,0.51058,633,1.38,1.34,2956,770.6,45,22.976,603,143,84,42.888,603,144,0.84255,0.9392,0.32205,0.12549,0.26597,615,141,231.91,118.41,0.19825,0.42018,0.049653,0.077392,586.03,5.953,3.8207,7.747,1.0998,0.92051,5.8641,10.368,0.82097,0.85325,-0.22794,0.84907,0.068514,3.015,0.71395,0.15585,3.1373,6.6493,2417.6
4309,0,0.51058,633,1.38,1.34,696,181.44,32,16.338,987,148,33,16.849,983,146,0.27212,0.92185,0.31719,0.12627,0.27672,982,140,112.21,57.29,0.19948,0.43716,-0.065282,0.064545,138.84,9.7098,6.6192,13.532,1.7197,0.89432,0.12284,2.9729,1.0486,0.47851,-0.052295,0.57528,0.10452,2.6217,0.70314,0.1943,3.1568,6.918,572.77
4309,0,0.51058,633,1.38,1.34,2458,640.77,47,23.997,339,210,66,33.698,338,207,0.69985,0.97529,0.13961,0.16601,0.31002,335,202,189.23,96.615,0.26226,0.48976,0.075697,0.10494,644.64,6.2876,3.4507,8.1383,1.3933,0.98699,-5.3628,14.427,1.1292,0.85482,-0.18648,0.84311,0.044835,3.3278,0.64631,0.11297,4.1503,7.7504,2659.4
4309,0,0.51058,633,1.38,1.34,3737,974.19,79,40.336,610,203,90,45.952,613,214,0.47308,0.9488,0.48881,0.097704,0.17691,618,220,301.71,154.04,0.15435,0.27947,0.048379,0.036509,576.81,4.4921,3.3179,5.7144,1.1684,0.82532,-0.96935,5.3074,1.0306,0.67479,-0.094989,0.68216,0.068623,2.9606,0.66216,0.14686,2.4426,4.4227,2379.6
4309,0,0.51058,633,1.38,1.34,2066,538.58,47,23.997,417,516,58,29.613,415,518,0.57496,0.96198,0.20255,0.13253,0.23866,407,515,179.64,91.719,0.20936,0.37703,0.073236,0.070171,432.55,4.8945,3.0326,6.2007,1.4237,0.93898,10.028,11.766,1,0.84333,-0.1926,0.84804,0.046323,3.2725,0.66053,0.099104,3.3132,5.9665,1784.4
4309,0,0.51058,633,1.38,1.34,3003,782.85,52,26.55,480,510,80,40.846,480,513,0.75515,0.96604,0.19432,0.16955,0.31119,485,517,215.9,110.23,0.26786,0.49162,0.051053,0.10195,804.38,5.8195,3.3825,7.348,1.2265,0.95547,-3.1474,12.163,0.79127,0.87784,-0.20101,0.87499,0.051685,3.1844,0.71034,0.10614,4.2389,7.7799,3318.4
4309,0,0.51058,633,1.38,1.34,2250,586.55,36,18.381,956,534,76,38.804,958,532,0.87749,0.97377,0.26571,0.12766,0.24307,967,523,194.44,99.278,0.20167,0.384,0.0027275,0.069629,453.75,5.5187,3.5627,7.0277,1.1561,0.95516,1.4769,7.4052,0.76668,0.81236,-0.14539,0.81998,0.069434,2.9204,0.71785,0.12146,3.1914,6.0768,1871.9
4309,0,0.51058,633,1.38,1.34,2303,600.37,46,23.487,605,646,65,33.188,605,645,0.70652,0.98133,0.14212,0.14636,0.25363,600,652,182.5,93.18,0.23122,0.40069,0.050181,0.080427,532.49,5.6135,2.7,6.961,1.2011,0.97593,-3.5258,11.205,1.2023,0.80619,-0.13568,0.80607,0.045586,3.2884,0.65165,0.088794,3.659,6.3409,2196.7
4309,0,0.51058,633,1.38,1.34,2435,634.78,58,29.613,346,691,61,31.145,344,686,0.31612,0.94867,0.26211,0.15698,0.26454,356,675,202.69,103.49,0.24799,0.41792,0.085906,0.084401,603.86,4.2977,3.521,5.5864,1.176,0.9414,-8.6311,15.624,0.64066,0.92122,-0.24902,0.91009,0.052154,3.1275,0.73156,0.10299,3.9245,6.6136,2491.2
4309,0,0.51058,633,1.38,1.34,2745,715.59,45,22.976,384,685,95,48.505,384,679,0.88179,0.96543,0.4102,0.17945,0.32986,385,679,240.37,122.72,0.2835,0.5211,0.071977,0.123,778.2,6.4546,3.7,8.4589,1.402,0.84942,1.9236,17.245,1.1434,0.87563,-0.19562,0.86407,0.038033,3.43,0.65454,0.066263,4.4864,8.2465,3210.4
4309,0,0.51058,633,1.38,1.34,2078,541.71,35,17.87,879,709,72,36.762,879,711,0.86956,0.98471,0.18859,0.12585,0.22891,881,706,178.83,91.305,0.19881,0.36163,0.0795,0.073474,413.13,4.3936,3.6177,5.6351,1.5169,0.98342,13.643,15.475,1.2872,0.84641,-0.19272,0.83778,0.037582,3.4462,0.62608,0.078191,3.1462,5.7228,1704.3
4309,0,0.51058,633,1.38,1.34,2819,734.88,56,28.592,263,712,60,30.635,261,713,0.37428,0.9535,0.1028,0.16646,0.32993,250,715,198.43,101.31,0.26297,0.52121,0.06885,0.1061,741.31,4.8226,4.2595,6.4382,1.586,0.97555,3.1426,13.031,0.68173,0.90057,-0.2572,0.89288,0.052941,3.1305,0.72978,0.091531,4.1615,8.2482,3058.2
4309,0,0.51058,633,1.38,1.34,3906,1018.3,63,32.166,319,724,88,44.931,316,727,0.69645,0.93314,0.32879,0.12329,0.20274,312,732,269.94,137.82,0.19478,0.32028,0.070784,0.055191,760.79,3.6193,3.2266,4.6026,1.0855,0.87742,-8.1811,11.463,0.80066,0.86943,-0.18921,0.86288,0.052772,3.155,0.69575,0.10474,3.0823,5.0685,3138.6
4309,0,0.51058,633,1.38,1.34,1522,396.77,31,15.828,232,790,74,37.783,230,787,0.90515,0.95237,0.39233,0.15059,0.26291,238,776,175.58,89.648,0.2379,0.41535,0.07045,0.086806,362.09,6.8318,3.1298,8.9357,1.4474,0.91404,-3.1948,13.373,1.5537,0.79183,-0.13674,0.79395,0.036586,3.513,0.60578,0.088823,3.7648,6.5729,1493.8
4309,0,0.51058,633,1.38,1.34,2699,703.6,57,29.103,276,775,59,30.124,276,778,0.25816,0.92925,0.20145,0.14156,0.2622,263,779,205.6,104.98,0.22363,0.41422,0.070873,0.08323,603.58,4.3935,3.9502,5.6913,1.232,0.92733,14.117,14.372,0.72601,0.90383,-0.25692,0.89715,0.054357,3.1589,0.74053,0.11151,3.539,6.555,2490
4309,0,0.51058,633,1.38,1.34,1624,423.36,30,15.317,351,791,76,38.804,348,792,0.91539,0.97588,0.36763,0.11414,0.19841,347,790,179.04,91.412,0.18032,0.31345,0.07827,0.053649,292.84,4.8904,2.8984,6.1138,1.442,0.93857,2.315,10.989,1.3852,0.77611,-0.14481,0.779,0.041452,3.3939,0.62165,0.089481,2.8535,4.9603,1208.1
4309,0,0.51058,633,1.38,1.34,3166,825.34,53,27.061,955,915,76,38.804,957,916,0.71306,0.98503,0.15241,0.12301,0.20352,959,918,215.02,109.79,0.19432,0.32151,0.077404,0.061805,615.23,3.3648,2.864,4.1926,1.4287,0.95331,4.517,14.716,0.88013,0.88714,-0.21414,0.88142,0.043596,3.2703,0.67468,0.079461,3.0752,5.0879,2538.1
4310,0,0.51058,633,1.38,1.34,655,170.75,24,12.254,298,101,32,16.338,298,101,0.66974,0.93127,0.099535,0.15183,0.47363,296,95,95.213,48.614,0.23985,0.74823,-0.11692,0.14973,157.1,15.705,7.6098,24.032,1.7337,0.95036,5.4372,6.2393,1.6197,0.58781,-0.089645,0.64456,0.057888,3.1806,0.61191,0.11796,3.7956,11.841,648.11
4310,0,0.51058,633,1.38,1.34,3330,868.09,64,32.677,383,203,69,35.23,382,204,0.37595,0.95818,0.33319,0.10353,0.20319,387,201,249.21,127.24,0.16355,0.32099,0.022692,0.062071,544.61,3.9267,3.9256,5.1059,1.0369,0.89079,10.137,9.8936,0.92004,0.82984,-0.16389,0.82118,0.054805,3.1287,0.67823,0.11492,2.5881,5.0796,2246.8
4310,0,0.51058,633,1.38,1.34,2748,716.37,48,24.508,979,361,72,36.762,977,362,0.74536,0.96669,0.16365,0.12541,0.23097,968,360,202.24,103.26,0.19811,0.36489,0.027143,0.078217,544.42,4.4043,4.0292,5.6918,1.2739,0.9609,2.6017,12.291,0.93086,0.85919,-0.17666,0.8544,0.047409,3.2254,0.67964,0.08343,3.1352,5.7743,2245.9
4310,0,0.51058,633,1.38,1.34,3409,888.69,55,28.082,422,396,84,42.888,425,393,0.7547,0.97341,0.22116,0.14176,0.27665,424,399,234.38,119.67,0.22394,0.43705,0.059671,0.097617,763.42,4.1185,3.1809,5.2462,1.1654,0.94511,6.5134,15.963,0.76985,0.90799,-0.25578,0.894,0.04702,3.2245,0.70664,0.08871,3.5439,6.9164,3149.4
4310,0,0.51058,633,1.38,1.34,3770,982.8,51,26.039,273,409,112,57.185,272,410,0.88716,0.97351,0.494,0.098404,0.18295,277,413,304.01,155.22,0.15546,0.28903,0.050942,0.051403,586.07,3.0042,3.2073,3.8372,1.4602,0.84798,7.4327,10.763,0.91691,0.843,-0.20045,0.85054,0.053231,3.1732,0.7014,0.10075,2.4601,4.5739,2417.8
4310,0,0.51058,633,1.38,1.34,3177,828.21,36,18.381,127,426,114,58.206,123,430,0.94877,0.97626,0.46768,0.12374,0.28194,132,427,272.47,139.11,0.19548,0.44541,0.056146,0.091394,621.04,3.7507,5.1765,5.075,1.7024,0.93745,24.925,13.134,0.83401,0.88058,-0.28295,0.87222,0.054946,3.1489,0.71451,0.11418,3.0935,7.0486,2562.1
4310,0,0.51058,633,1.38,1.34,2072,540.15,31,15.828,51,483,84,42.888,53,480,0.92702,0.96868,0.36503,0.10894,0.19463,51,485,200.95,102.6,0.1721,0.30747,0.040625,0.062341,356.59,3.7939,2.9942,4.7993,1.3892,0.94761,-1.0326,12.013,1.2552,0.81081,-0.14665,0.81166,0.044171,3.3146,0.62234,0.086818,2.7235,4.8657,1471.1
4310,0,0.51058,633,1.38,1.34,3516,916.58,56,28.592,226,542,97,49.526,218,537,0.81416,0.96733,0.30844,0.1008,0.15893,218,536,252.01,128.67,0.15925,0.25108,0.06127,0.046503,559.92,3.2483,3.7072,4.2266,1.4151,0.93198,-6.2663,12.262,1.827,0.74065,-0.10527,0.74683,0.036513,3.5329,0.58544,0.080161,2.5201,3.9733,2309.9
4310,0,0.51058,633,1.38,1.34,3210,836.81,49,25.018,414,672,82,41.867,417,671,0.79953,0.97762,0.27061,0.11745,0.24452,418,665,234.4,119.68,0.18555,0.38629,0.010769,0.081242,595.6,3.5676,7.1403,4.9598,0.71935,0.92289,14.858,11.761,0.56898,0.90771,-0.24203,0.89532,0.069175,2.9064,0.76323,0.1462,2.9363,6.113,2457.1
4310,0,0.51058,633,1.38,1.34,3003,782.85,39,19.913,68,923,93,47.484,69,922,0.9064,0.98058,0.27997,0.12065,0.21785,66,923,228.33,116.58,0.1906,0.34416,0.034468,0.071711,572.37,3.4822,2.9819,4.3938,1.3036,0.95159,2.0958,12.487,0.63888,0.90265,-0.21807,0.89372,0.055679,3.0547,0.73268,0.086515,3.0162,5.4463,2361.3
4310,0,0.51058,633,1.38,1.34,2394,624.09,34,17.36,318,944,90,45.952,320,943,0.92345,0.9728,0.38218,0.099363,0.18741,304,940,219.43,112.04,0.15697,0.29606,0.055606,0.053015,375.79,3.4925,3.0155,4.4728,1.3663,0.9311,7.3823,11.214,0.98489,0.83852,-0.19854,0.83526,0.049668,3.2229,0.66329,0.094222,2.4841,4.6852,1550.3
4310,0,0.51058,633,1.38,1.34,3873,1009.6,71,36.251,880,963,75,38.293,881,956,0.3235,0.97592,0.26233,0.088222,0.16153,887,955,255.17,130.28,0.13937,0.25519,0.061962,0.042306,539.78,2.3524,3.1024,2.9861,1.3284,0.92715,18.124,11.349,0.73147,0.8789,-0.24526,0.86655,0.059559,3.0588,0.70645,0.12004,2.2056,4.0384,2226.8
4311,0,0.51058,633,1.38,1.34,2719,708.81,47,23.997,79,132,73,37.272,79,135,0.75864,0.97575,0.14326,0.15942,0.30666,78,123,199.32,101.77,0.25185,0.48446,0.056592,0.10055,684.79,6.4248,3.0347,8.1192,1.1188,0.97901,-0.3506,12.129,1.0264,0.84396,-0.17972,0.83885,0.04784,3.2643,0.67116,0.10813,3.9856,7.6666,2825
4311,0,0.51058,633,1.38,1.34,2258,588.64,46,23.487,800,193,61,31.145,799,194,0.65095,0.95621,0.11428,0.15137,0.33451,803,186,178.8,91.293,0.23914,0.52845,0.026485,0.095811,539.97,8.1736,4.1143,10.855,1.144,0.97851,6.8888,8.2868,0.84886,0.81417,-0.17672,0.8106,0.061152,3.0354,0.6942,0.1231,3.7843,8.3627,2227.6
4311,0,0.51058,633,1.38,1.34,725,189,31,15.828,641,213,34,17.36,645,215,0.37873,0.9531,0.25074,0.10372,0.19927,645,216,108.93,55.616,0.16386,0.3148,0.073,0.050699,118.8,8.069,3.506,10.273,1.4773,0.92308,3.9247,8.75,2.6154,0.53976,-0.075076,0.58284,0.033842,3.5636,0.50095,0.076923,2.5931,4.9817,490.09
4311,0,0.51058,633,1.38,1.34,3632,946.82,43,21.955,122,298,114,58.206,121,298,0.92444,0.95613,0.36949,0.1383,0.24798,120,315,267.63,136.65,0.21849,0.39176,0.070829,0.084625,793.55,5.0999,3.2379,6.4972,1.1817,0.94369,1.8093,15.624,1.2011,0.85722,-0.1798,0.8414,0.046392,3.3508,0.65854,0.11696,3.4576,6.1995,3273.7
4311,0,0.51058,633,1.38,1.34,4342,1131.9,41,20.934,172,329,136,69.438,172,333,0.95394,0.95051,0.42954,0.12703,0.23736,171,335,308.95,157.74,0.20068,0.37498,0.067988,0.068348,871.36,4.81,3.3015,6.0868,1.2897,0.95615,0.50183,10.698,1.1751,0.80206,-0.16351,0.80549,0.045106,3.2692,0.628,0.092135,3.1758,5.934,3594.7
4311,0,0.51058,633,1.38,1.34,377,98.28,13,6.6375,275,344,35,17.87,275,342,0.92352,0.95173,0.37063,0.083302,0.15311,280,342,85.639,43.725,0.1316,0.24188,0.074205,0.027296,49.613,8.321,4.2243,11.172,1.8186,0.88852,7.4179,4.5785,2.1513,0.36066,-0.06431,0.50889,0.064794,3.0859,0.55001,0.13653,2.0825,3.8277,204.67
4311,0,0.51058,633,1.38,1.34,2525,658.24,51,26.039,850,485,63,32.166,852,489,0.56656,0.97797,0.15589,0.13831,0.26975,854,491,193.98,99.04,0.2185,0.42615,0.055316,0.082686,551.71,5.3319,2.886,6.6581,1.2431,0.98283,12.099,11.342,0.7744,0.87217,-0.21498,0.86417,0.054908,3.101,0.69242,0.094606,3.4577,6.7438,2276
4311,0,0.51058,633,1.38,1.34,1770,461.42,35,17.87,156,575,62,31.656,154,574,0.82719,0.97832,0.1527,0.12184,0.22086,151,566,161.44,82.425,0.19248,0.34891,0.078246,0.058684,340.69,5.009,3.7903,6.4637,1.5741,0.9788,1.1503,10.226,1.1016,0.8055,-0.17634,0.81425,0.048533,3.2501,0.65175,0.11576,3.046,5.5215,1405.5
4311,0,0.51058,633,1.38,1.34,1632,425.44,35,17.87,207,685,57,29.103,207,683,0.7803,0.97672,0.1827,0.11937,0.19256,211,682,157.67,80.502,0.18859,0.3042,0.064169,0.058992,307.77,5.4902,2.6959,6.7732,1.1727,0.95443,-0.86799,12.491,1.6744,0.7636,-0.11819,0.77636,0.036005,3.4868,0.58588,0.072888,2.9844,4.8139,1269.7
4311,0,0.51058,633,1.38,1.34,2044,532.85,39,19.913,973,808,68,34.719,969,808,0.81441,0.97714,0.17089,0.15057,0.27071,971,802,174.55,89.122,0.23787,0.42767,0.058331,0.095025,486.21,6.727,4.7009,9.1619,1.342,0.97868,-3.1691,15.127,0.92544,0.8847,-0.20037,0.87221,0.049784,3.2595,0.69557,0.11053,3.7643,6.7678,2005.8
4311,0,0.51058,633,1.38,1.34,2676,697.6,28,14.296,112,835,129,65.864,105,839,0.97621,0.97106,0.5886,0.11419,0.21351,106,836,284.36,145.19,0.1804,0.3373,0.076844,0.055391,482.74,5.7022,3.1154,7.1614,1.4328,0.91038,11.314,10.165,0.99595,0.82153,-0.19961,0.82601,0.051088,3.2178,0.67488,0.11017,2.8548,5.3378,1991.5
4311,0,0.51058,633,1.38,1.34,2218,578.21,38,19.402,792,886,87,44.42,789,884,0.89601,0.96865,0.41241,0.15168,0.30779,792,876,217.24,110.92,0.23962,0.48624,0.01557,0.099023,531.48,8.7421,4.8091,11.864,1.0642,0.90779,6.2804,9.5073,1.4598,0.73379,-0.12723,0.76962,0.04664,3.2885,0.62588,0.086016,3.792,7.6948,2192.6
4311,0,0.51058,633,1.38,1.34,2005,522.68,37,18.891,432,990,70,35.74,428,991,0.84463,0.9572,0.21277,0.13361,0.22774,433,986,178.53,91.155,0.21108,0.35977,0.04421,0.074935,423.21,6.4798,2.9417,8.1717,1.0626,0.96846,4.7783,12.621,1.3003,0.81319,-0.13511,0.8104,0.039754,3.3489,0.60782,0.067287,3.3403,5.6934,1745.9
4312,0,0.51058,633,1.38,1.34,3895,1015.4,40,20.423,244,135,131,66.886,244,133,0.95085,0.96672,0.44903,0.13998,0.25868,241,135,297,151.64,0.22114,0.40865,0.048338,0.08566,861.35,5.5528,3.5244,7.1569,1.252,0.94975,10.209,13.078,0.99049,0.85919,-0.1777,0.84617,0.048669,3.2135,0.67897,0.09007,3.4996,6.4669,3553.4
4312,0,0.51058,633,1.38,1.34,2198,572.99,50,25.529,408,160,57,29.103,411,160,0.48036,0.96986,0.12152,0.18145,0.34532,409,166,177.08,90.412,0.28664,0.54553,0.050242,0.11571,630.05,8.1069,3.446,10.458,1.1561,0.9796,-3.3493,11.394,1.2007,0.80933,-0.15239,0.8143,0.047329,3.2719,0.64049,0.11117,4.5362,8.633,2599.2
4312,0,0.51058,633,1.38,1.34,3746,976.54,61,31.145,583,469,78,39.825,585,472,0.62178,0.97331,0.052978,0.1729,0.32926,586,476,222.36,113.53,0.27314,0.52015,0.087836,0.11181,1023.2,5.4423,3.5749,7.0826,1.4268,0.9821,2.0053,15.717,0.76358,0.90734,-0.25623,0.89317,0.050156,3.1797,0.6957,0.11636,4.3224,8.2314,4221
4312,0,0.51058,633,1.38,1.34,2526,658.5,46,23.487,220,503,87,44.42,225,499,0.8436,0.97214,0.33894,0.11816,0.2104,235,504,218.13,111.37,0.18667,0.33239,0.077631,0.053452,471.54,4.6853,3.6017,6.1284,1.5422,0.93167,1.4145,9.5203,1.2472,0.76835,-0.15023,0.78134,0.052786,3.2396,0.66165,0.11921,2.9541,5.2601,1945.3
4312,0,0.51058,633,1.38,1.34,1703,443.95,29,14.807,499,610,71,36.251,500,610,0.91278,0.96253,0.25913,0.11753,0.19472,510,605,169.14,86.357,0.18567,0.30761,0.072029,0.049736,316.2,6.2331,2.9314,7.8403,1.2926,0.96644,0.40825,9.8625,1.1225,0.79563,-0.14329,0.79553,0.046041,3.2658,0.64471,0.07898,2.9382,4.868,1304.4
4312,0,0.51058,633,1.38,1.34,1720,448.38,27,13.786,637,743,75,38.293,638,741,0.93135,0.95744,0.34818,0.10968,0.16697,643,732,181.31,92.573,0.17327,0.26378,0.068418,0.04041,298.02,5.6564,3.239,7.2155,1.4439,0.94914,-4.2211,7.8894,1.9716,0.60013,-0.062535,0.63179,0.042788,3.4081,0.56092,0.10251,2.7419,4.1743,1229.4
4312,0,0.51058,633,1.38,1.34,2783,725.5,45,22.976,539,887,82,41.867,538,888,0.82942,0.9509,0.25068,0.16599,0.35,548,889,215.18,109.87,0.26223,0.55292,0.082041,0.098688,729.78,5.6461,4.2889,7.3242,1.3542,0.93621,4.546,10.247,0.67664,0.87611,-0.26417,0.87303,0.063227,3.0198,0.73493,0.13273,4.1498,8.7499,3010.6
4312,0,0.51058,633,1.38,1.34,3037,791.71,52,26.55,498,901,84,42.888,502,898,0.77975,0.93104,0.31691,0.14975,0.30304,496,896,234.92,119.95,0.23657,0.47873,0.077473,0.093919,718.47,5.4366,3.3117,6.8048,0.90285,0.90157,4.5927,13.231,0.73145,0.89523,-0.26299,0.87826,0.055915,3.0799,0.71646,0.10577,3.7438,7.576,2964
4312,0,0.51058,633,1.38,1.34,1748,455.68,37,18.891,447,923,57,29.103,449,923,0.7597,0.94986,0.18237,0.11548,0.19784,443,925,163.06,83.256,0.18244,0.31254,0.077703,0.051495,318.9,5.365,2.7795,6.669,1.077,0.96205,3.9235,10.266,1.246,0.78353,-0.15364,0.79486,0.045156,3.3386,0.63419,0.088999,2.8871,4.9459,1315.6
4312,0,0.51058,633,1.38,1.34,3119,813.09,61,31.145,869,974,69,35.23,870,977,0.45294,0.96771,0.19977,0.12506,0.21606,876,971,220.9,112.79,0.19756,0.34132,0.077847,0.064254,616.2,4.1924,3.4297,5.3432,1.2566,0.92919,5.7869,13.669,0.94487,0.87069,-0.20441,0.86236,0.045268,3.2706,0.66568,0.082702,3.1264,5.4015,2542.1
4313,0,0.51058,633,1.38,1.34,3289,857.41,41,20.934,442,48,113,57.695,445,48,0.93152,0.95146,0.41228,0.13789,0.26627,443,48,265.29,135.45,0.21783,0.42065,0.043899,0.081143,716.45,4.173,3.4036,5.3835,1.1677,0.94421,5.1357,11.111,0.70938,0.87997,-0.21438,0.86953,0.061432,3.0369,0.72544,0.11415,3.4472,6.6568,2955.7
4313,0,0.51058,633,1.38,1.34,2429,633.21,36,18.381,194,159,93,47.484,202,162,0.92022,0.96473,0.3897,0.12035,0.19743,222,162,222.88,113.79,0.19012,0.31189,0.07812,0.052537,461.81,3.2754,3.0311,4.148,1.3056,0.94623,-6.4499,11.321,1.168,0.81295,-0.14896,0.80408,0.049052,3.2871,0.65494,0.11711,3.0087,4.9357,1905.2
4313,0,0.51058,633,1.38,1.34,1805,470.54,40,20.423,872,206,54,27.571,871,207,0.67179,0.95233,0.10402,0.14898,0.25894,873,213,158.68,81.02,0.23536,0.40907,0.038358,0.085427,424.82,5.1069,4.0142,6.5519,1.1149,0.97389,-5.1278,11.027,1.7445,0.72681,-0.09572,0.73033,0.038509,3.4545,0.55754,0.086797,3.7246,6.4736,1752.6
4313,0,0.51058,633,1.38,1.34,1447,377.22,43,21.955,998,235,47,23.997,1001,234,0.3907,0.91217,0.26575,0.10109,0.17749,995,233,157.07,80.197,0.1597,0.28039,0.011681,0.040093,231.08,5.0297,3.8583,6.5998,0.91699,0.91503,2.4739,4.2204,1.775,0.40789,-0.030707,0.46664,0.063544,3.1016,0.5876,0.12135,2.5272,4.4372,953.3
4313,0,0.51058,633,1.38,1.34,1685,439.26,26,13.275,738,228,86,43.91,734,230,0.9536,0.95922,0.47618,0.11922,0.21331,723,232,199.7,101.96,0.18835,0.33698,0.0606,0.052065,317.37,5.0973,3.2136,6.4605,1.2563,0.93663,1.9413,6.9172,1.4869,0.64615,-0.088291,0.67054,0.050369,3.2633,0.61245,0.093709,2.9806,5.3327,1309.3
4313,0,0.51058,633,1.38,1.34,1891,492.96,35,17.87,78,339,71,36.251,82,338,0.86603,0.96711,0.23453,0.13944,0.2411,85,333,175.53,89.62,0.22029,0.38089,0.061912,0.077171,416.57,3.5759,2.8211,4.4767,1.1684,0.97199,5.4895,13.088,1.0709,0.84874,-0.17155,0.84726,0.042907,3.3171,0.64826,0.092571,3.4861,6.0275,1718.5
4313,0,0.51058,633,1.38,1.34,3546,924.4,58,29.613,547,363,77,39.314,548,363,0.655,0.96291,0.071622,0.14736,0.27673,547,377,218.55,111.59,0.2328,0.43717,0.087023,0.084278,825.51,3.286,4.1303,4.3372,1.0084,0.98276,4.6032,13.577,0.84081,0.88337,-0.2381,0.8711,0.048477,3.2116,0.69114,0.090664,3.6841,6.9182,3405.6
4313,0,0.51058,633,1.38,1.34,2892,753.91,54,27.571,765,541,80,40.846,762,535,0.73152,0.97495,0.25432,0.15525,0.27467,758,534,219.73,112.19,0.24525,0.43392,0.0049053,0.08991,709.27,3.8548,3.8573,4.9708,1.0293,0.95437,-1.5373,10.16,0.64912,0.87989,-0.16948,0.86813,0.063741,2.9489,0.72537,0.11451,3.8811,6.8668,2926
4313,0,0.51058,633,1.38,1.34,2385,621.74,40,20.423,979,557,74,37.783,978,553,0.83413,0.97453,0.23839,0.13332,0.23042,977,550,198.17,101.18,0.21062,0.36402,0.070592,0.067288,502.33,3.2964,3.5166,4.2425,1.4009,0.95159,0.10392,10.986,1.3885,0.77559,-0.13283,0.78151,0.041051,3.4006,0.61845,0.090194,3.3331,5.7605,2072.3
4313,0,0.51058,633,1.38,1.34,2188,570.39,42,21.444,174,628,67,34.209,173,628,0.77813,0.96405,0.16556,0.16016,0.30015,174,623,181.17,92.503,0.25302,0.47417,0.08853,0.1009,553.61,3.558,3.703,4.6236,1.3203,0.98466,7.4938,16.328,0.842,0.90192,-0.25558,0.8915,0.052261,3.2009,0.71768,0.11089,4.004,7.5037,2283.8
4313,0,0.51058,633,1.38,1.34,2085,543.54,48,24.508,121,624,52,26.55,123,626,0.35407,0.95407,0.063131,0.16931,0.32332,120,623,167.28,85.408,0.26748,0.51078,0.076469,0.10915,557.69,3.7381,3.5074,4.8782,1.3425,0.99121,14.356,14.741,0.94081,0.88001,-0.22286,0.87185,0.042719,3.325,0.68287,0.079958,4.2328,8.0831,2300.7
4313,0,0.51058,633,1.38,1.34,2966,773.2,57,29.103,67,693,69,35.23,71,696,0.55835,0.97568,0.1587,0.14334,0.2407,69,689,209.89,107.17,0.22644,0.38025,0.066262,0.07695,671.64,2.8715,3.1608,3.6538,1.2893,0.96693,-1.9162,13.518,0.85797,0.88064,-0.1833,0.86698,0.053622,3.1706,0.69406,0.13406,3.5835,6.0174,2770.8
4313,0,0.51058,633,1.38,1.34,2878,750.26,49,25.018,979,705,80,40.846,977,701,0.78593,0.954,0.26209,0.12083,0.20172,979,703,220.39,112.53,0.19088,0.31867,0.083498,0.052578,549.36,2.4159,3.6611,3.1446,1.2314,0.93089,1.1445,11.23,0.9692,0.8411,-0.18532,0.8416,0.050256,3.2239,0.69292,0.089425,3.0207,5.043,2266.3
4313,0,0.51058,633,1.38,1.34,3058,797.19,32,16.338,186,729,139,70.97,181,727,0.97208,0.96261,0.61748,0.13975,0.27034,176,722,314.5,160.58,0.22078,0.42708,0.076746,0.087886,675.14,4.4104,3.6329,5.79,1.2703,0.8436,17.829,14.523,1.3756,0.82696,-0.17899,0.81145,0.043019,3.4032,0.6234,0.10126,3.4938,6.7585,2785.2
4313,0,0.51058,633,1.38,1.34,2031,529.46,51,26.039,659,755,54,27.571,662,759,0.30742,0.98207,0.15335,0.16726,0.27692,660,750,172.89,88.275,0.26424,0.43747,0.055362,0.10012,536.67,3.8749,4.1751,5.0843,1.6236,0.9648,-10.785,15.054,1.1344,0.85985,-0.15406,0.84907,0.047388,3.2814,0.65336,0.11505,4.1816,6.923,2214
4313,0,0.51058,633,1.38,1.34,4803,1252.1,68,34.719,269,774,94,47.994,273,777,0.68993,0.97676,0.16133,0.15165,0.28043,275,779,267.53,136.6,0.23957,0.44302,0.076733,0.088173,1150.7,2.452,3.8178,3.1762,1.3782,0.96787,7.4018,14.074,0.55221,0.92449,-0.28907,0.91638,0.056295,3.0602,0.75902,0.09917,3.7913,7.0108,4747
4313,0,0.51058,633,1.38,1.34,2686,700.21,55,28.082,47,818,67,34.209,51,819,0.56371,0.89324,0.48281,0.25199,0.63478,46,832,254.75,130.07,0.39809,1.0028,-0.2567,0.27403,1069.3,14.876,7.3537,23.072,-0.048848,0.84793,10.748,10.796,1.3595,0.77632,-0.15309,0.82941,0.10693,2.833,0.75372,0.25242,6.2998,15.87,4411.2
4313,0,0.51058,633,1.38,1.34,2113,550.84,41,20.934,84,874,62,31.656,84,874,0.73763,0.95094,0.05942,0.19594,0.39875,84,866,167.45,85.496,0.30955,0.62994,0.058966,0.14111,654.07,4.5589,4.3929,6.1198,1.5231,0.98989,8.121,13.713,1.1245,0.84842,-0.19795,0.85056,0.042296,3.3546,0.66085,0.074728,4.8986,9.9688,2698.3
4313,0,0.51058,633,1.38,1.34,4864,1268,56,28.592,553,930,115,58.716,553,928,0.87415,0.98488,0.22554,0.16594,0.30255,555,926,280.59,143.26,0.26214,0.47795,0.074051,0.10494,1275.1,2.5549,3.4357,3.294,1.4985,0.97545,4.383,15.891,0.75077,0.90977,-0.24335,0.90099,0.049624,3.1895,0.7104,0.10536,4.1484,7.5636,5260.2
